-- MySQL dump 10.13  Distrib 8.0.32, for Win64 (x86_64)
--
-- Host: localhost    Database: congdangit
-- ------------------------------------------------------
-- Server version	8.0.32

/*!40101 SET @OLD_CHARACTER_SET_CLIENT=@@CHARACTER_SET_CLIENT */;
/*!40101 SET @OLD_CHARACTER_SET_RESULTS=@@CHARACTER_SET_RESULTS */;
/*!40101 SET @OLD_COLLATION_CONNECTION=@@COLLATION_CONNECTION */;
/*!50503 SET NAMES utf8 */;
/*!40103 SET @OLD_TIME_ZONE=@@TIME_ZONE */;
/*!40103 SET TIME_ZONE='+00:00' */;
/*!40014 SET @OLD_UNIQUE_CHECKS=@@UNIQUE_CHECKS, UNIQUE_CHECKS=0 */;
/*!40014 SET @OLD_FOREIGN_KEY_CHECKS=@@FOREIGN_KEY_CHECKS, FOREIGN_KEY_CHECKS=0 */;
/*!40101 SET @OLD_SQL_MODE=@@SQL_MODE, SQL_MODE='NO_AUTO_VALUE_ON_ZERO' */;
/*!40111 SET @OLD_SQL_NOTES=@@SQL_NOTES, SQL_NOTES=0 */;

--
-- Table structure for table `category_posts`
--

DROP TABLE IF EXISTS `category_posts`;
/*!40101 SET @saved_cs_client     = @@character_set_client */;
/*!50503 SET character_set_client = utf8mb4 */;
CREATE TABLE `category_posts` (
  `id` bigint unsigned NOT NULL AUTO_INCREMENT,
  `name` varchar(255) COLLATE utf8mb4_unicode_ci NOT NULL,
  `slug` varchar(255) COLLATE utf8mb4_unicode_ci NOT NULL,
  `deleted_at` timestamp NULL DEFAULT NULL,
  `created_at` timestamp NULL DEFAULT NULL,
  `updated_at` timestamp NULL DEFAULT NULL,
  PRIMARY KEY (`id`)
) ENGINE=InnoDB DEFAULT CHARSET=utf8mb4 COLLATE=utf8mb4_unicode_ci;
/*!40101 SET character_set_client = @saved_cs_client */;

--
-- Dumping data for table `category_posts`
--

LOCK TABLES `category_posts` WRITE;
/*!40000 ALTER TABLE `category_posts` DISABLE KEYS */;
/*!40000 ALTER TABLE `category_posts` ENABLE KEYS */;
UNLOCK TABLES;

--
-- Table structure for table `category_products`
--

DROP TABLE IF EXISTS `category_products`;
/*!40101 SET @saved_cs_client     = @@character_set_client */;
/*!50503 SET character_set_client = utf8mb4 */;
CREATE TABLE `category_products` (
  `id` bigint unsigned NOT NULL AUTO_INCREMENT,
  `name` varchar(255) COLLATE utf8mb4_unicode_ci NOT NULL,
  `slug` varchar(255) COLLATE utf8mb4_unicode_ci NOT NULL,
  `parent_id` int NOT NULL DEFAULT '0',
  `created_at` timestamp NULL DEFAULT NULL,
  `updated_at` timestamp NULL DEFAULT NULL,
  PRIMARY KEY (`id`)
) ENGINE=InnoDB AUTO_INCREMENT=16 DEFAULT CHARSET=utf8mb4 COLLATE=utf8mb4_unicode_ci;
/*!40101 SET character_set_client = @saved_cs_client */;

--
-- Dumping data for table `category_products`
--

LOCK TABLES `category_products` WRITE;
/*!40000 ALTER TABLE `category_products` DISABLE KEYS */;
INSERT INTO `category_products` VALUES (1,'Điện Thoại','dien-thoai',0,NULL,NULL),(3,'Samsung','samsung',1,'2023-07-11 11:00:43','2023-07-11 11:00:43'),(4,'iPhone','iphone',1,'2023-07-11 11:00:58','2023-07-11 11:00:58'),(5,'Xiaomi','xiaomi',1,'2023-07-11 11:01:06','2023-07-11 11:01:06'),(9,'Tai nghe','tai-nghe',0,'2023-07-11 11:26:52','2023-07-11 11:26:52'),(10,'Sony','sony',9,'2023-07-11 11:27:07','2023-07-11 11:27:07'),(11,'Huawei','huawei',9,'2023-07-11 11:27:16','2023-07-11 11:27:16'),(12,'Samsung','samsung',9,'2023-07-11 11:27:26','2023-07-11 11:27:26'),(13,'Đồng hồ thông minh','dong-ho-thong-minh',0,'2023-07-13 10:47:35','2023-07-13 10:47:35'),(14,'Huawei','huawei',13,'2023-07-13 10:47:48','2023-07-13 10:47:48'),(15,'Samsung','samsung',13,'2023-07-13 10:47:56','2023-07-13 10:47:56');
/*!40000 ALTER TABLE `category_products` ENABLE KEYS */;
UNLOCK TABLES;

--
-- Table structure for table `customers`
--

DROP TABLE IF EXISTS `customers`;
/*!40101 SET @saved_cs_client     = @@character_set_client */;
/*!50503 SET character_set_client = utf8mb4 */;
CREATE TABLE `customers` (
  `id` bigint unsigned NOT NULL AUTO_INCREMENT,
  `name` varchar(255) COLLATE utf8mb4_unicode_ci NOT NULL,
  `phone` varchar(255) COLLATE utf8mb4_unicode_ci NOT NULL,
  `address` varchar(255) COLLATE utf8mb4_unicode_ci NOT NULL,
  `email` varchar(255) COLLATE utf8mb4_unicode_ci NOT NULL,
  `created_at` timestamp NULL DEFAULT NULL,
  `updated_at` timestamp NULL DEFAULT NULL,
  PRIMARY KEY (`id`)
) ENGINE=InnoDB AUTO_INCREMENT=15 DEFAULT CHARSET=utf8mb4 COLLATE=utf8mb4_unicode_ci;
/*!40101 SET character_set_client = @saved_cs_client */;

--
-- Dumping data for table `customers`
--

LOCK TABLES `customers` WRITE;
/*!40000 ALTER TABLE `customers` DISABLE KEYS */;
INSERT INTO `customers` VALUES (5,'cong dang user','0964592802','nghệ an','congthanhdang1999@gmail.com','2023-07-11 20:32:50','2023-07-11 20:32:50'),(6,'cong dang user','0964592802','nghệ an','congthanhdang1999@gmail.com','2023-07-11 20:40:25','2023-07-11 20:40:25'),(9,'cong dang user','0964592802','nghệ an','congthanhdang1999@gmail.com','2023-07-11 20:59:57','2023-07-11 20:59:57'),(10,'cong dang user','0964592802','nghệ an','congthanhdang1999@gmail.com','2023-07-11 21:01:00','2023-07-11 21:01:00'),(12,'cong dang user','0964592802','nghệ an','congthanhdang1999@gmail.com','2023-07-11 21:03:35','2023-07-11 21:03:35'),(13,'cong dang user','0964592802','nghệ an','congthanhdang1999@gmail.com','2023-07-11 21:09:21','2023-07-11 21:09:21'),(14,'cong dang user','0964592802','nghệ an','congthanhdang1999@gmail.com','2023-07-11 21:10:59','2023-07-11 21:10:59');
/*!40000 ALTER TABLE `customers` ENABLE KEYS */;
UNLOCK TABLES;

--
-- Table structure for table `detail_orders`
--

DROP TABLE IF EXISTS `detail_orders`;
/*!40101 SET @saved_cs_client     = @@character_set_client */;
/*!50503 SET character_set_client = utf8mb4 */;
CREATE TABLE `detail_orders` (
  `id` bigint unsigned NOT NULL AUTO_INCREMENT,
  `name` varchar(255) COLLATE utf8mb4_unicode_ci NOT NULL,
  `price` varchar(255) COLLATE utf8mb4_unicode_ci NOT NULL,
  `quantity` int NOT NULL,
  `product_id` bigint unsigned NOT NULL,
  `order_id` bigint unsigned NOT NULL,
  `created_at` timestamp NULL DEFAULT NULL,
  `updated_at` timestamp NULL DEFAULT NULL,
  PRIMARY KEY (`id`),
  KEY `detail_orders_product_id_foreign` (`product_id`),
  KEY `detail_orders_order_id_foreign` (`order_id`),
  CONSTRAINT `detail_orders_order_id_foreign` FOREIGN KEY (`order_id`) REFERENCES `orders` (`id`) ON DELETE CASCADE,
  CONSTRAINT `detail_orders_product_id_foreign` FOREIGN KEY (`product_id`) REFERENCES `products` (`id`) ON DELETE CASCADE
) ENGINE=InnoDB AUTO_INCREMENT=17 DEFAULT CHARSET=utf8mb4 COLLATE=utf8mb4_unicode_ci;
/*!40101 SET character_set_client = @saved_cs_client */;

--
-- Dumping data for table `detail_orders`
--

LOCK TABLES `detail_orders` WRITE;
/*!40000 ALTER TABLE `detail_orders` DISABLE KEYS */;
INSERT INTO `detail_orders` VALUES (3,'iPhone 12 (256GB) - Chính hãng VN/A','12990000',1,4,3,'2023-07-11 20:32:50','2023-07-11 20:32:50'),(4,'iPhone 12 (256GB) - Chính hãng VN/A','12990000',1,4,4,'2023-07-11 20:40:25','2023-07-11 20:40:25'),(5,'Samsung Galaxy S21FE 5G - Chính hãng','9990000',2,11,4,'2023-07-11 20:40:25','2023-07-11 20:40:25'),(10,'Samsung Galaxy S21FE 5G - Chính hãng','9990000',3,11,7,'2023-07-11 20:59:57','2023-07-11 20:59:57'),(11,'iPhone 12 (256GB) - Chính hãng VN/A','12990000',1,4,8,'2023-07-11 21:01:01','2023-07-11 21:01:01'),(12,'Samsung Galaxy S21FE 5G - Chính hãng','9990000',4,11,8,'2023-07-11 21:01:01','2023-07-11 21:01:01'),(14,'Samsung Galaxy S22 ULTRA 5G - Chính hãng','9990000',2,14,10,'2023-07-11 21:03:35','2023-07-11 21:03:35'),(15,'Samsung Galaxy S22 ULTRA 5G - Chính hãng','9990000',3,14,11,'2023-07-11 21:09:21','2023-07-11 21:09:21'),(16,'iPhone 14 Pro Max (128GB) - Chính hãng VN/A','23990000',2,1,12,'2023-07-11 21:10:59','2023-07-11 21:10:59');
/*!40000 ALTER TABLE `detail_orders` ENABLE KEYS */;
UNLOCK TABLES;

--
-- Table structure for table `failed_jobs`
--

DROP TABLE IF EXISTS `failed_jobs`;
/*!40101 SET @saved_cs_client     = @@character_set_client */;
/*!50503 SET character_set_client = utf8mb4 */;
CREATE TABLE `failed_jobs` (
  `id` bigint unsigned NOT NULL AUTO_INCREMENT,
  `connection` text COLLATE utf8mb4_unicode_ci NOT NULL,
  `queue` text COLLATE utf8mb4_unicode_ci NOT NULL,
  `payload` longtext COLLATE utf8mb4_unicode_ci NOT NULL,
  `exception` longtext COLLATE utf8mb4_unicode_ci NOT NULL,
  `failed_at` timestamp NOT NULL DEFAULT CURRENT_TIMESTAMP,
  PRIMARY KEY (`id`)
) ENGINE=InnoDB DEFAULT CHARSET=utf8mb4 COLLATE=utf8mb4_unicode_ci;
/*!40101 SET character_set_client = @saved_cs_client */;

--
-- Dumping data for table `failed_jobs`
--

LOCK TABLES `failed_jobs` WRITE;
/*!40000 ALTER TABLE `failed_jobs` DISABLE KEYS */;
/*!40000 ALTER TABLE `failed_jobs` ENABLE KEYS */;
UNLOCK TABLES;

--
-- Table structure for table `informations`
--

DROP TABLE IF EXISTS `informations`;
/*!40101 SET @saved_cs_client     = @@character_set_client */;
/*!50503 SET character_set_client = utf8mb4 */;
CREATE TABLE `informations` (
  `id` bigint unsigned NOT NULL AUTO_INCREMENT,
  `phone` varchar(255) COLLATE utf8mb4_unicode_ci NOT NULL,
  `address` varchar(255) COLLATE utf8mb4_unicode_ci NOT NULL,
  `status` tinyint NOT NULL DEFAULT '1',
  `user_id` bigint unsigned NOT NULL,
  `created_at` timestamp NULL DEFAULT NULL,
  `updated_at` timestamp NULL DEFAULT NULL,
  PRIMARY KEY (`id`),
  KEY `informations_user_id_foreign` (`user_id`),
  CONSTRAINT `informations_user_id_foreign` FOREIGN KEY (`user_id`) REFERENCES `users` (`id`) ON DELETE CASCADE
) ENGINE=InnoDB AUTO_INCREMENT=3 DEFAULT CHARSET=utf8mb4 COLLATE=utf8mb4_unicode_ci;
/*!40101 SET character_set_client = @saved_cs_client */;

--
-- Dumping data for table `informations`
--

LOCK TABLES `informations` WRITE;
/*!40000 ALTER TABLE `informations` DISABLE KEYS */;
INSERT INTO `informations` VALUES (1,'0964592802','nghệ an',1,2,'2023-07-11 19:51:37','2023-07-11 19:51:37'),(2,'0964592802','nghệ an',1,2,'2023-07-11 19:52:21','2023-07-11 19:52:21');
/*!40000 ALTER TABLE `informations` ENABLE KEYS */;
UNLOCK TABLES;

--
-- Table structure for table `migrations`
--

DROP TABLE IF EXISTS `migrations`;
/*!40101 SET @saved_cs_client     = @@character_set_client */;
/*!50503 SET character_set_client = utf8mb4 */;
CREATE TABLE `migrations` (
  `id` int unsigned NOT NULL AUTO_INCREMENT,
  `migration` varchar(255) COLLATE utf8mb4_unicode_ci NOT NULL,
  `batch` int NOT NULL,
  PRIMARY KEY (`id`)
) ENGINE=InnoDB AUTO_INCREMENT=18 DEFAULT CHARSET=utf8mb4 COLLATE=utf8mb4_unicode_ci;
/*!40101 SET character_set_client = @saved_cs_client */;

--
-- Dumping data for table `migrations`
--

LOCK TABLES `migrations` WRITE;
/*!40000 ALTER TABLE `migrations` DISABLE KEYS */;
INSERT INTO `migrations` VALUES (1,'2014_10_12_000000_create_users_table',1),(2,'2014_10_12_100000_create_password_resets_table',1),(3,'2019_08_19_000000_create_failed_jobs_table',1),(4,'2022_09_27_140128_create_category_products_table',1),(5,'2022_10_03_072658_create_products_table',1),(6,'2022_10_03_075146_create_product_images_table',1),(7,'2022_10_05_194122_create_category_posts_table',1),(8,'2022_10_05_205254_create_posts_table',1),(9,'2022_10_07_202043_create_slider_table',1),(10,'2022_10_08_091639_create_roles_table',1),(11,'2022_10_08_092247_create_permissions_table',1),(12,'2022_10_11_095007_create_customers_table',1),(13,'2022_10_11_095042_create_orders_table',1),(14,'2022_10_18_163432_create_detail_order_table',1),(15,'2022_11_29_164230_create_information_table',1),(16,'2023_06_13_234200_create_user_role_table',1),(17,'2023_06_14_000722_create_role_permission_table',1);
/*!40000 ALTER TABLE `migrations` ENABLE KEYS */;
UNLOCK TABLES;

--
-- Table structure for table `orders`
--

DROP TABLE IF EXISTS `orders`;
/*!40101 SET @saved_cs_client     = @@character_set_client */;
/*!50503 SET character_set_client = utf8mb4 */;
CREATE TABLE `orders` (
  `id` bigint unsigned NOT NULL AUTO_INCREMENT,
  `code` varchar(255) COLLATE utf8mb4_unicode_ci NOT NULL,
  `user_id` bigint unsigned NOT NULL,
  `total` varchar(255) COLLATE utf8mb4_unicode_ci NOT NULL,
  `status` tinyint NOT NULL DEFAULT '0',
  `created_at` timestamp NULL DEFAULT NULL,
  `updated_at` timestamp NULL DEFAULT NULL,
  PRIMARY KEY (`id`),
  KEY `orders_user_id_foreign` (`user_id`),
  CONSTRAINT `orders_user_id_foreign` FOREIGN KEY (`user_id`) REFERENCES `users` (`id`) ON DELETE CASCADE
) ENGINE=InnoDB AUTO_INCREMENT=13 DEFAULT CHARSET=utf8mb4 COLLATE=utf8mb4_unicode_ci;
/*!40101 SET character_set_client = @saved_cs_client */;

--
-- Dumping data for table `orders`
--

LOCK TABLES `orders` WRITE;
/*!40000 ALTER TABLE `orders` DISABLE KEYS */;
INSERT INTO `orders` VALUES (3,'VN-IC3BP',2,'12990000',0,'2023-07-11 20:32:50','2023-07-11 20:32:50'),(4,'VN-K8ZKO',2,'32970000',0,'2023-07-11 20:40:25','2023-07-11 20:40:25'),(7,'VN-NRE8L',2,'29970000',0,'2023-07-11 20:59:57','2023-07-11 20:59:57'),(8,'VN-H4UZC',2,'52950000',3,'2023-07-11 21:01:01','2023-07-13 00:00:56'),(10,'VN-XIJT9',2,'19980000',0,'2023-07-11 21:03:35','2023-07-11 21:03:35'),(11,'VN-XX9EB',2,'29970000',0,'2023-07-11 21:09:21','2023-07-11 21:09:21'),(12,'VN-VBDCJ',2,'47980000',1,'2023-07-11 21:10:59','2023-07-13 00:06:43');
/*!40000 ALTER TABLE `orders` ENABLE KEYS */;
UNLOCK TABLES;

--
-- Table structure for table `password_resets`
--

DROP TABLE IF EXISTS `password_resets`;
/*!40101 SET @saved_cs_client     = @@character_set_client */;
/*!50503 SET character_set_client = utf8mb4 */;
CREATE TABLE `password_resets` (
  `email` varchar(255) COLLATE utf8mb4_unicode_ci NOT NULL,
  `token` varchar(255) COLLATE utf8mb4_unicode_ci NOT NULL,
  `created_at` timestamp NULL DEFAULT NULL,
  KEY `password_resets_email_index` (`email`)
) ENGINE=InnoDB DEFAULT CHARSET=utf8mb4 COLLATE=utf8mb4_unicode_ci;
/*!40101 SET character_set_client = @saved_cs_client */;

--
-- Dumping data for table `password_resets`
--

LOCK TABLES `password_resets` WRITE;
/*!40000 ALTER TABLE `password_resets` DISABLE KEYS */;
/*!40000 ALTER TABLE `password_resets` ENABLE KEYS */;
UNLOCK TABLES;

--
-- Table structure for table `permissions`
--

DROP TABLE IF EXISTS `permissions`;
/*!40101 SET @saved_cs_client     = @@character_set_client */;
/*!50503 SET character_set_client = utf8mb4 */;
CREATE TABLE `permissions` (
  `id` bigint unsigned NOT NULL AUTO_INCREMENT,
  `name` varchar(255) COLLATE utf8mb4_unicode_ci NOT NULL,
  `keycode` varchar(255) COLLATE utf8mb4_unicode_ci NOT NULL,
  `created_at` timestamp NULL DEFAULT NULL,
  `updated_at` timestamp NULL DEFAULT NULL,
  PRIMARY KEY (`id`)
) ENGINE=InnoDB AUTO_INCREMENT=35 DEFAULT CHARSET=utf8mb4 COLLATE=utf8mb4_unicode_ci;
/*!40101 SET character_set_client = @saved_cs_client */;

--
-- Dumping data for table `permissions`
--

LOCK TABLES `permissions` WRITE;
/*!40000 ALTER TABLE `permissions` DISABLE KEYS */;
INSERT INTO `permissions` VALUES (1,'post','post.view','2023-07-07 16:04:35','2023-07-07 16:04:35'),(2,'post','post.add','2023-07-07 16:04:35','2023-07-07 16:04:35'),(3,'post','post.edit','2023-07-07 16:04:35','2023-07-07 16:04:35'),(4,'post','post.delete','2023-07-07 16:04:35','2023-07-07 16:04:35'),(5,'role','role.view','2023-07-10 13:23:16','2023-07-10 13:23:16'),(6,'role','role.add','2023-07-10 13:23:16','2023-07-10 13:23:16'),(7,'role','role.edit','2023-07-10 13:23:16','2023-07-10 13:23:16'),(8,'role','role.delete','2023-07-10 13:23:16','2023-07-10 13:23:16'),(9,'permission','permission.view','2023-07-11 15:26:05','2023-07-11 15:26:05'),(10,'permission','permission.add','2023-07-11 15:26:05','2023-07-11 15:26:05'),(11,'permission','permission.edit','2023-07-11 15:26:05','2023-07-11 15:26:05'),(12,'permission','permission.delete','2023-07-11 15:26:05','2023-07-11 15:26:05'),(13,'product','product.view','2023-07-11 15:26:14','2023-07-11 15:26:14'),(14,'product','product.add','2023-07-11 15:26:14','2023-07-11 15:26:14'),(15,'product','product.edit','2023-07-11 15:26:14','2023-07-11 15:26:14'),(16,'product','product.delete','2023-07-11 15:26:14','2023-07-11 15:26:14'),(17,'user','user.view','2023-07-11 15:32:50','2023-07-11 15:32:50'),(18,'user','user.add','2023-07-11 15:32:51','2023-07-11 15:32:51'),(19,'user','user.edit','2023-07-11 15:32:51','2023-07-11 15:32:51'),(20,'user','user.delete','2023-07-11 15:32:51','2023-07-11 15:32:51'),(21,'slider','slider.view','2023-07-11 15:33:24','2023-07-11 15:33:24'),(22,'slider','slider.add','2023-07-11 15:33:24','2023-07-11 15:33:24'),(23,'slider','slider.edit','2023-07-11 15:33:24','2023-07-11 15:33:24'),(24,'slider','slider.delete','2023-07-11 15:33:24','2023-07-11 15:33:24'),(25,'order','order.view','2023-07-11 15:33:39','2023-07-11 15:33:39'),(26,'order','order.add','2023-07-11 15:33:39','2023-07-11 15:33:39'),(27,'order','order.edit','2023-07-11 15:33:39','2023-07-11 15:33:39'),(28,'order','order.delete','2023-07-11 15:33:39','2023-07-11 15:33:39'),(29,'dashboard','dashboard.view','2023-07-11 15:34:09','2023-07-11 15:34:09'),(30,'dashboard','dashboard.edit','2023-07-11 15:34:09','2023-07-11 15:34:09'),(31,'categoryProduct','categoryProduct.view','2023-07-13 10:35:09','2023-07-13 10:35:09'),(32,'categoryProduct','categoryProduct.add','2023-07-13 10:35:09','2023-07-13 10:35:09'),(33,'categoryProduct','categoryProduct.edit','2023-07-13 10:35:09','2023-07-13 10:35:09'),(34,'categoryProduct','categoryProduct.delete','2023-07-13 10:35:09','2023-07-13 10:35:09');
/*!40000 ALTER TABLE `permissions` ENABLE KEYS */;
UNLOCK TABLES;

--
-- Table structure for table `posts`
--

DROP TABLE IF EXISTS `posts`;
/*!40101 SET @saved_cs_client     = @@character_set_client */;
/*!50503 SET character_set_client = utf8mb4 */;
CREATE TABLE `posts` (
  `id` bigint unsigned NOT NULL AUTO_INCREMENT,
  `title` varchar(255) COLLATE utf8mb4_unicode_ci NOT NULL,
  `slug` varchar(255) COLLATE utf8mb4_unicode_ci NOT NULL,
  `feature_image` varchar(255) COLLATE utf8mb4_unicode_ci NOT NULL,
  `content` text COLLATE utf8mb4_unicode_ci NOT NULL,
  `category_post_id` bigint unsigned NOT NULL,
  `user_id` bigint unsigned NOT NULL,
  `deleted_at` timestamp NULL DEFAULT NULL,
  `created_at` timestamp NULL DEFAULT NULL,
  `updated_at` timestamp NULL DEFAULT NULL,
  PRIMARY KEY (`id`),
  KEY `posts_category_post_id_foreign` (`category_post_id`),
  KEY `posts_user_id_foreign` (`user_id`),
  CONSTRAINT `posts_category_post_id_foreign` FOREIGN KEY (`category_post_id`) REFERENCES `category_posts` (`id`) ON DELETE CASCADE,
  CONSTRAINT `posts_user_id_foreign` FOREIGN KEY (`user_id`) REFERENCES `users` (`id`) ON DELETE CASCADE
) ENGINE=InnoDB DEFAULT CHARSET=utf8mb4 COLLATE=utf8mb4_unicode_ci;
/*!40101 SET character_set_client = @saved_cs_client */;

--
-- Dumping data for table `posts`
--

LOCK TABLES `posts` WRITE;
/*!40000 ALTER TABLE `posts` DISABLE KEYS */;
/*!40000 ALTER TABLE `posts` ENABLE KEYS */;
UNLOCK TABLES;

--
-- Table structure for table `product_images`
--

DROP TABLE IF EXISTS `product_images`;
/*!40101 SET @saved_cs_client     = @@character_set_client */;
/*!50503 SET character_set_client = utf8mb4 */;
CREATE TABLE `product_images` (
  `id` bigint unsigned NOT NULL AUTO_INCREMENT,
  `image_path` varchar(255) COLLATE utf8mb4_unicode_ci NOT NULL,
  `image_name` varchar(255) COLLATE utf8mb4_unicode_ci NOT NULL,
  `product_id` bigint unsigned NOT NULL,
  `created_at` timestamp NULL DEFAULT NULL,
  `updated_at` timestamp NULL DEFAULT NULL,
  `deleted_at` timestamp NULL DEFAULT NULL,
  PRIMARY KEY (`id`),
  KEY `product_images_product_id_foreign` (`product_id`),
  CONSTRAINT `product_images_product_id_foreign` FOREIGN KEY (`product_id`) REFERENCES `products` (`id`) ON DELETE CASCADE
) ENGINE=InnoDB AUTO_INCREMENT=93 DEFAULT CHARSET=utf8mb4 COLLATE=utf8mb4_unicode_ci;
/*!40101 SET character_set_client = @saved_cs_client */;

--
-- Dumping data for table `product_images`
--

LOCK TABLES `product_images` WRITE;
/*!40000 ALTER TABLE `product_images` DISABLE KEYS */;
INSERT INTO `product_images` VALUES (1,'/storage/product/1/HwtxeWBhqpzFj67pcRKH.png','222222.png',1,'2023-07-11 11:08:01','2023-07-11 11:08:01',NULL),(2,'/storage/product/1/usZYsuKvnlbOenppUk7a.png','1111.png',1,'2023-07-11 11:08:01','2023-07-11 11:08:01',NULL),(3,'/storage/product/1/ZyVcEP6eGme2SEXHvgx8.png','222222.png',2,'2023-07-11 11:08:54','2023-07-11 11:08:54',NULL),(4,'/storage/product/1/0rlmfKzgm2Hb4o6a5T7k.png','1111.png',2,'2023-07-11 11:08:54','2023-07-11 11:08:54',NULL),(5,'/storage/product/1/5wHOV4SeCMgC6oFbyOMV.png','anh-chup-man-hinh-2022-09-08-luc-01-57-13-removebg-preview.png',3,'2023-07-11 11:09:51','2023-07-11 11:09:51',NULL),(6,'/storage/product/1/P7qy4zVTfJK1p9uKakiz.png','anh-chup-man-hinh-2022-09-08-luc-01-58-38-removebg-preview.png',3,'2023-07-11 11:09:51','2023-07-11 11:09:51',NULL),(7,'/storage/product/1/Q5HNMCNug9Jw6rPbuj9w.png','apple-iphone-12-mini.png',4,'2023-07-11 11:10:46','2023-07-11 11:10:46',NULL),(8,'/storage/product/1/ICJ4MLg4BN4Cs4Iutu8V.png','apple-iphone-12-mini-2.png',4,'2023-07-11 11:10:46','2023-07-11 11:10:46',NULL),(9,'/storage/product/1/7KbmPn0VE8axLbuA84Wc.png','apple-iphone-12-mini-4.png',4,'2023-07-11 11:10:46','2023-07-11 11:10:46',NULL),(10,'/storage/product/1/uHKn7kZbUUqbTGPTnl1W.png','apple-iphone-12-mini-5.png',4,'2023-07-11 11:10:46','2023-07-11 11:10:46',NULL),(11,'/storage/product/1/KdIdviyWMl94BgwcGAtD.png','apple-iphone-12-mini.png',5,'2023-07-11 11:11:00','2023-07-11 11:11:00',NULL),(12,'/storage/product/1/K1zsZefZKwyHdb3qYcpG.png','apple-iphone-12-mini-2.png',5,'2023-07-11 11:11:00','2023-07-11 11:11:00',NULL),(13,'/storage/product/1/NNSaoq1zsLKafFnqQFez.png','apple-iphone-12-mini-4.png',5,'2023-07-11 11:11:00','2023-07-11 11:11:00',NULL),(14,'/storage/product/1/YCUEwBz7j8UB3sPGCTcX.png','apple-iphone-12-mini-5.png',5,'2023-07-11 11:11:00','2023-07-11 11:11:00',NULL),(15,'/storage/product/1/ZClCSaOFsIqbKVZSQajd.png','iphone%2011%20(2).png',6,'2023-07-11 11:11:37','2023-07-11 11:11:37',NULL),(16,'/storage/product/1/ExxWeWmuWsNlHFw2UWMo.png','iphone%2011%20(4) (1).png',6,'2023-07-11 11:11:37','2023-07-11 11:11:37',NULL),(17,'/storage/product/1/j6wwUxg2kRNIkY3tEAbn.png','iphone%2011%20(4).png',6,'2023-07-11 11:11:37','2023-07-11 11:11:37',NULL),(18,'/storage/product/1/vCx08Rivv6CvuH4M8lP6.png','iphone%2011%20(7).png',6,'2023-07-11 11:11:37','2023-07-11 11:11:37',NULL),(19,'/storage/product/1/xRPWTZzKd4wN276w4nJN.png','iphone%2011%20(9) (1).png',6,'2023-07-11 11:11:37','2023-07-11 11:11:37',NULL),(20,'/storage/product/1/dVCKgIqQCcaWIP7rzgBq.png','iphone%2011%20(9).png',6,'2023-07-11 11:11:37','2023-07-11 11:11:37',NULL),(21,'/storage/product/1/TYP1NW4LIk9xJa4GbnOt.png','iphone%2011%20(2).png',7,'2023-07-11 11:12:05','2023-07-11 11:12:05',NULL),(22,'/storage/product/1/iFCOywajIFtNceev9ijV.png','iphone%2011%20(4) (1).png',7,'2023-07-11 11:12:05','2023-07-11 11:12:05',NULL),(23,'/storage/product/1/yD0AAnnaTwWKp2Q4hpUt.png','iphone%2011%20(4).png',7,'2023-07-11 11:12:05','2023-07-11 11:12:05',NULL),(24,'/storage/product/1/01FeHRJzmxCwHlYp4UJY.png','iphone%2011%20(7).png',7,'2023-07-11 11:12:05','2023-07-11 11:12:05',NULL),(25,'/storage/product/1/O6uZftQLwISd4888WFWR.png','iphone%2011%20(9) (1).png',7,'2023-07-11 11:12:05','2023-07-11 11:12:05',NULL),(26,'/storage/product/1/eKFZGS9J91LtKGZKhSTv.png','iphone%2011%20(9).png',7,'2023-07-11 11:12:05','2023-07-11 11:12:05',NULL),(27,'/storage/product/1/wXQnmeIt6f1rPhnk33JQ.png','iphone%2011%20(2).png',8,'2023-07-11 11:13:03','2023-07-11 11:13:03',NULL),(28,'/storage/product/1/bnF5wHYYF0SBJ4SofjhK.png','iphone%2011%20(4) (1).png',8,'2023-07-11 11:13:03','2023-07-11 11:13:03',NULL),(29,'/storage/product/1/jv52A7Rp82WaGLdDP2gF.png','iphone%2011%20(4).png',8,'2023-07-11 11:13:03','2023-07-11 11:13:03',NULL),(30,'/storage/product/1/XqPd2N1jwV5gGEJwmVSb.png','iphone%2011%20(7).png',8,'2023-07-11 11:13:03','2023-07-11 11:13:03',NULL),(31,'/storage/product/1/LGoncOqhUFQaqJhUdZ3R.png','iphone%2011%20(9) (1).png',8,'2023-07-11 11:13:03','2023-07-11 11:13:03',NULL),(32,'/storage/product/1/2kttXwuMRhK5ugeEpnpG.png','iphone%2011%20(9).png',8,'2023-07-11 11:13:03','2023-07-11 11:13:03',NULL),(33,'/storage/product/1/4XI3Q7X9vrjYrn2pbVuT.png','image-removebg-preview-1 (4).png',9,'2023-07-11 11:15:33','2023-07-11 11:15:33',NULL),(34,'/storage/product/1/Wph3MvWDqJDb7kQvbQXY.png','image-removebg-preview-2 (2).png',9,'2023-07-11 11:15:33','2023-07-11 11:15:33',NULL),(35,'/storage/product/1/fRyNKB1DlSO2Iugu9mHH.png','image-removebg-preview-3 (1).png',9,'2023-07-11 11:15:33','2023-07-11 11:15:33',NULL),(36,'/storage/product/1/a8mE6OQ7WPthZYc238ps.png','image-removebg-preview.png',9,'2023-07-11 11:15:33','2023-07-11 11:15:33',NULL),(37,'/storage/product/1/gnpsSgtmG2EIr6kbpMUB.png','image-removebg-preview-28.png',9,'2023-07-11 11:15:33','2023-07-11 11:15:33',NULL),(38,'/storage/product/1/MeNk9cgxAFNmDjq1ILuF.png','image-removebg-preview-14.png',9,'2023-07-11 11:15:33','2023-07-11 11:15:33',NULL),(39,'/storage/product/1/r9nPy5UeeRhKqmQrnDPp.png','image-removebg-preview-1 (1).png',9,'2023-07-11 11:15:33','2023-07-11 11:15:33',NULL),(40,'/storage/product/1/HJnjuq6Pdg4pyBSmdiLY.png','image-removebg-preview-4.png',9,'2023-07-11 11:15:33','2023-07-11 11:15:33',NULL),(41,'/storage/product/1/qYLhNwdvTZC4XcyNqkgJ.png','image-removebg-preview-3.png',9,'2023-07-11 11:15:33','2023-07-11 11:15:33',NULL),(42,'/storage/product/1/6jNIETXga3aJNtuAO0I7.png','image-removebg-preview-2 (1).png',9,'2023-07-11 11:15:33','2023-07-11 11:15:33',NULL),(43,'/storage/product/1/OY68R1Pg4M9JTpSYFaQw.png','s21-fe-1.png',10,'2023-07-11 11:16:25','2023-07-11 11:16:25',NULL),(44,'/storage/product/1/MybaPkqnxSPr02I8WsTa.png','s21-fe-10 (1).png',10,'2023-07-11 11:16:25','2023-07-11 11:16:25',NULL),(45,'/storage/product/1/SuwNbSznsiu4N0YCGXxi.png','s21-fe-10.png',10,'2023-07-11 11:16:25','2023-07-11 11:16:25',NULL),(46,'/storage/product/1/Kl6YehYfq8sNYtgrr8mf.png','s21-fe-12.png',10,'2023-07-11 11:16:25','2023-07-11 11:16:25',NULL),(47,'/storage/product/1/4bLBG7YykhhCaM47YWyY.png','s21-fe-14.png',10,'2023-07-11 11:16:25','2023-07-11 11:16:25',NULL),(48,'/storage/product/1/GaBhk6HlT80vMEOQ80rV.png','s21-fe-1.png',11,'2023-07-11 11:16:35','2023-07-11 11:16:35',NULL),(49,'/storage/product/1/J86sjMZjKXnyP78iPIhm.png','s21-fe-10 (1).png',11,'2023-07-11 11:16:35','2023-07-11 11:16:35',NULL),(50,'/storage/product/1/MAzlWengnqC4HzW4MXEW.png','s21-fe-10.png',11,'2023-07-11 11:16:35','2023-07-11 11:16:35',NULL),(51,'/storage/product/1/PT8ki5rlRI1f0YUg84Dl.png','s21-fe-12.png',11,'2023-07-11 11:16:35','2023-07-11 11:16:35',NULL),(52,'/storage/product/1/cxsXxmj3FgcjcBt5Y72l.png','s21-fe-14.png',11,'2023-07-11 11:16:35','2023-07-11 11:16:35',NULL),(53,'/storage/product/1/h4L6x5ZumRJ2FmMXwc5f.png','s21-fe-1.png',12,'2023-07-11 11:16:54','2023-07-11 11:16:54',NULL),(54,'/storage/product/1/CSSGOW7XwLgBVYXyth1L.png','s21-fe-10 (1).png',12,'2023-07-11 11:16:54','2023-07-11 11:16:54',NULL),(55,'/storage/product/1/6etOpc1CIreJTyjjGwEY.png','s21-fe-10.png',12,'2023-07-11 11:16:54','2023-07-11 11:16:54',NULL),(56,'/storage/product/1/UN5s7PzZ55WCyo1zFT2Q.png','s21-fe-12.png',12,'2023-07-11 11:16:54','2023-07-11 11:16:54',NULL),(57,'/storage/product/1/b0a0x9Ee7aZAJ2yAhsBM.png','s21-fe-14.png',12,'2023-07-11 11:16:54','2023-07-11 11:16:54',NULL),(58,'/storage/product/1/dkYBg6OlFKejgfZsZidb.png','image-removebg-preview-2_637800452287772364.png',13,'2023-07-11 11:17:34','2023-07-11 11:17:34',NULL),(59,'/storage/product/1/Fy1vHXAglGBaoQ0kSuvQ.png','image-removebg-preview-11.png',13,'2023-07-11 11:17:34','2023-07-11 11:17:34',NULL),(60,'/storage/product/1/sJ2KORkB7fsXFgME6nMQ.png','image-removebg-preview-19.png',13,'2023-07-11 11:17:34','2023-07-11 11:17:34',NULL),(61,'/storage/product/1/hD4RyodMki9qRETKeXrg.png','image-removebg-preview-2_637800452287772364.png',14,'2023-07-11 11:17:50','2023-07-11 11:17:50',NULL),(62,'/storage/product/1/vIlYNudjXSXmyoDVTQ72.png','image-removebg-preview-11.png',14,'2023-07-11 11:17:50','2023-07-11 11:17:50',NULL),(63,'/storage/product/1/cjr8aFGqL4alArV1fWVb.png','image-removebg-preview-19.png',14,'2023-07-11 11:17:50','2023-07-11 11:17:50',NULL),(64,'/storage/product/1/RBpdjA9IzokaYUsC05Qf.png','image-removebg-preview_637800437459949020 (1).png',15,'2023-07-11 11:18:42','2023-07-11 11:18:42',NULL),(65,'/storage/product/1/AspLn3lII4fMUakmLgeN.png','image-removebg-preview_637800437459949020.png',15,'2023-07-11 11:18:42','2023-07-11 11:18:42',NULL),(66,'/storage/product/1/BcEkO3qxoo0ZiHOTUxLF.png','image-removebg-preview-2_637800437459793078.png',15,'2023-07-11 11:18:42','2023-07-11 11:18:42',NULL),(67,'/storage/product/1/Tv0ZQNjRdCadP2hreAd5.png','image-removebg-preview-3_637800437459636500.png',15,'2023-07-11 11:18:42','2023-07-11 11:18:42',NULL),(68,'/storage/product/1/cVh3YM8gaRxPcsvmLOil.png','image-removebg-preview-5.png',15,'2023-07-11 11:18:42','2023-07-11 11:18:42',NULL),(69,'/storage/product/1/n1CljGWro1otnwi5WG2G.png','image-removebg-preview-7.png',15,'2023-07-11 11:18:42','2023-07-11 11:18:42',NULL),(70,'/storage/product/1/XTyHFTjCb7wRqHXOCdMx.png','image-removebg-preview_637800437459949020 (1).png',16,'2023-07-11 11:18:55','2023-07-11 11:18:55',NULL),(71,'/storage/product/1/9jTgvDzq7WTJQOrqqVsu.png','image-removebg-preview_637800437459949020.png',16,'2023-07-11 11:18:55','2023-07-11 11:18:55',NULL),(72,'/storage/product/1/jDT1K909dCpZXtwHMVmE.png','image-removebg-preview-2_637800437459793078.png',16,'2023-07-11 11:18:55','2023-07-11 11:18:55',NULL),(73,'/storage/product/1/DMJzMyQvBHQNXJMVpnjQ.png','image-removebg-preview-3_637800437459636500.png',16,'2023-07-11 11:18:55','2023-07-11 11:18:55',NULL),(74,'/storage/product/1/i25wEENpnvPqb8RhtSDT.png','image-removebg-preview-5.png',16,'2023-07-11 11:18:55','2023-07-11 11:18:55',NULL),(75,'/storage/product/1/UVU27dWr98JkSIqUQmbJ.png','image-removebg-preview-7.png',16,'2023-07-11 11:18:55','2023-07-11 11:18:55',NULL),(76,'/storage/product/1/kfsjPo5cNAUyov7iODHK.png','image-removebg-preview_637800437459949020 (1).png',17,'2023-07-11 11:23:22','2023-07-11 11:23:22',NULL),(77,'/storage/product/1/a7o7QR9OfKRKfZjwbAWi.png','image-removebg-preview_637800437459949020.png',17,'2023-07-11 11:23:22','2023-07-11 11:23:22',NULL),(78,'/storage/product/1/pf8XhRkFRFouuGtLEtri.png','image-removebg-preview-2_637800437459793078.png',17,'2023-07-11 11:23:22','2023-07-11 11:23:22',NULL),(79,'/storage/product/1/t2vQBOp7XUQPXQbSq5A3.png','image-removebg-preview-3_637800437459636500.png',17,'2023-07-11 11:23:22','2023-07-11 11:23:22',NULL),(80,'/storage/product/1/LhnlaAu2WgE9R1ZotKUZ.png','image-removebg-preview-5.png',17,'2023-07-11 11:23:22','2023-07-11 11:23:22',NULL),(81,'/storage/product/1/ahoG4yEFlLAP8kMrt700.png','image-removebg-preview-7.png',17,'2023-07-11 11:23:22','2023-07-11 11:23:22',NULL),(82,'/storage/product/1/tgoladUo2B1XidxPrsBL.png','22_638074113215306163.png',19,'2023-07-13 10:56:10','2023-07-13 10:56:10',NULL),(83,'/storage/product/1/unxhhKYzKGXuuMqy5QnP.png','11_638074113215306163.png',19,'2023-07-13 10:56:10','2023-07-13 10:56:10',NULL),(84,'/storage/product/1/9FyppzLatkE6Hz7XgRh4.png','image-removebg-preview-1_637788897667454365.png',20,'2023-07-13 10:57:49','2023-07-13 10:57:49',NULL),(85,'/storage/product/1/wG07bzGaxSJPLodUUNt8.png','image-removebg-preview_637788897667454365.png',20,'2023-07-13 10:57:49','2023-07-13 10:57:49',NULL),(86,'/storage/product/1/JwPNTgFDyHnEoww0byds.png','image-removebg-preview-1_637788897667454365.png',21,'2023-07-13 10:57:59','2023-07-13 10:57:59',NULL),(87,'/storage/product/1/AgJpXgQJebD0QE46RiMb.png','image-removebg-preview_637788897667454365.png',21,'2023-07-13 10:57:59','2023-07-13 10:57:59',NULL),(88,'/storage/product/1/GyleBNtfZUMfyTcMrH9b.png','image-removebg-preview-2 (3).png',22,'2023-07-13 11:05:00','2023-07-13 11:05:00',NULL),(89,'/storage/product/1/XDub2nFXxZhFPFOU6x51.png','image-removebg-preview-1_637720720257119467.png',22,'2023-07-13 11:05:00','2023-07-13 11:05:00',NULL),(90,'/storage/product/1/OhnYObW9B0Cyxs63PX6H.png','image-removebg-preview_637720720257119467.png',22,'2023-07-13 11:05:00','2023-07-13 11:05:00',NULL),(91,'/storage/product/1/5P2xUtEMWrAyJBGzbJ0F.png','gtr-2-silicon.png',23,'2023-07-13 11:05:31','2023-07-13 11:05:31',NULL),(92,'/storage/product/1/l00pi0pc7McVPBKfAI0k.png','gtr-2-classic.png',23,'2023-07-13 11:05:31','2023-07-13 11:05:31',NULL);
/*!40000 ALTER TABLE `product_images` ENABLE KEYS */;
UNLOCK TABLES;

--
-- Table structure for table `products`
--

DROP TABLE IF EXISTS `products`;
/*!40101 SET @saved_cs_client     = @@character_set_client */;
/*!50503 SET character_set_client = utf8mb4 */;
CREATE TABLE `products` (
  `id` bigint unsigned NOT NULL AUTO_INCREMENT,
  `name` varchar(255) COLLATE utf8mb4_unicode_ci NOT NULL,
  `slug` varchar(255) COLLATE utf8mb4_unicode_ci NOT NULL,
  `feature_image_name` varchar(255) COLLATE utf8mb4_unicode_ci NOT NULL,
  `feature_image_path` varchar(255) COLLATE utf8mb4_unicode_ci NOT NULL,
  `price` varchar(255) COLLATE utf8mb4_unicode_ci NOT NULL,
  `sale_price` varchar(255) COLLATE utf8mb4_unicode_ci NOT NULL,
  `short_desc` text COLLATE utf8mb4_unicode_ci NOT NULL,
  `description` text COLLATE utf8mb4_unicode_ci NOT NULL,
  `status` tinyint NOT NULL DEFAULT '1',
  `user_id` bigint unsigned NOT NULL,
  `category_product_id` bigint unsigned NOT NULL,
  `quantity` int NOT NULL,
  `created_at` timestamp NULL DEFAULT NULL,
  `updated_at` timestamp NULL DEFAULT NULL,
  `deleted_at` timestamp NULL DEFAULT NULL,
  PRIMARY KEY (`id`),
  KEY `products_category_product_id_foreign` (`category_product_id`),
  KEY `products_user_id_foreign` (`user_id`),
  CONSTRAINT `products_category_product_id_foreign` FOREIGN KEY (`category_product_id`) REFERENCES `category_products` (`id`) ON DELETE CASCADE,
  CONSTRAINT `products_user_id_foreign` FOREIGN KEY (`user_id`) REFERENCES `users` (`id`) ON DELETE CASCADE
) ENGINE=InnoDB AUTO_INCREMENT=24 DEFAULT CHARSET=utf8mb4 COLLATE=utf8mb4_unicode_ci;
/*!40101 SET character_set_client = @saved_cs_client */;

--
-- Dumping data for table `products`
--

LOCK TABLES `products` WRITE;
/*!40000 ALTER TABLE `products` DISABLE KEYS */;
INSERT INTO `products` VALUES (1,'iPhone 14 Pro Max (128GB) - Chính hãng VN/A','iphone-14-pro-max-128gb-chinh-hang-vna','44444.png','/storage/product/1/GyLJJxJWbET9RCmr1yAg.png','25990000','23990000','<p><strong>C&ocirc;ng nghệ m&agrave;n h&igrave;nh::</strong>&nbsp;OLED</p>\r\n<p><strong>Độ ph&acirc;n giải::</strong>&nbsp;2796 x 1290 Pixels</p>\r\n<p><strong>M&agrave;n h&igrave;nh rộng::</strong>&nbsp;6.7\"</p>\r\n<p><strong>Độ ph&acirc;n giải:</strong>&nbsp;Ch&iacute;nh 48 MP &amp; Phụ 12 MP, 12 MP, 12 MP</p>\r\n<p><strong>Hệ điều h&agrave;nh:</strong>&nbsp;iOS 16</p>\r\n<p><strong>Chip xử l&yacute; (CPU):</strong>&nbsp;Apple A16 Bionic 6 nh&acirc;n</p>\r\n<p><strong>Bộ nhớ trong (ROM):</strong>&nbsp;128 GB</p>\r\n<p><strong>RAM:</strong>&nbsp;6 GB</p>\r\n<p><strong>Mạng di động:</strong>&nbsp;Hỗ trợ 5G</p>\r\n<p><strong>Số khe sim:</strong>&nbsp;1 Nano SIM &amp; 1 eSIM</p>\r\n<p><strong>Dung lượng pin:</strong>&nbsp;4323 mAh</p>','<p style=\"font-weight: 400;\">iPhone 14 Pro Max VN/A l&agrave; d&ograve;ng sản phẩm cao cấp nhất nằm trong thế hệ&nbsp;<a href=\"https://hoanghamobile.com/dien-thoai-di-dong/iphone/iphone-14-series\">iPhone 14 Series</a>&nbsp;mới vừa được ra mắt c&ugrave;ng với nhiều n&acirc;ng cấp về ngoại h&igrave;nh v&agrave; t&iacute;nh năng, hứa hẹn sẽ l&agrave; d&ograve;ng sản phẩm đột ph&aacute; trong v&agrave;i năm trở lại đ&acirc;y của Apple.</p>\r\n<p style=\"font-weight: 400;\">&nbsp;</p>\r\n<p style=\"font-weight: 400;\"><em>iPhone 14 Pro Max VN/A</em></p>\r\n<h2>Ph&aacute; vỡ thiết kế notch cổ điển</h2>\r\n<p style=\"font-weight: 400;\">Chiếc iPhone 14 Pro Max VN/A sở hữu m&agrave;n h&igrave;nh Super Retina XDR mới với ProMotion c&oacute; k&iacute;ch thước 6.7 inch. Tần số qu&eacute;t m&agrave;n h&igrave;nh sẽ giảm xuống 1 Hz để tiết kiệm pin, trong khi h&igrave;nh nền được l&agrave;m mờ. M&agrave;n h&igrave;nh ti&ecirc;n tiến cũng mang lại mức độ s&aacute;ng HDR cao nhất tương tự như Pro Display XDR v&agrave; ​​độ s&aacute;ng đỉnh ngo&agrave;i trời cao nhất trong điện thoại th&ocirc;ng minh: l&ecirc;n đến 2000 nits, s&aacute;ng gấp đ&ocirc;i so với người tiền nhiệm.</p>\r\n<p style=\"font-weight: 400;\">M&agrave;n h&igrave;nh trước l&agrave;m từ chất liệu Ceramic Shield - cứng hơn bất kỳ loại k&iacute;nh điện thoại th&ocirc;ng minh n&agrave;o - v&agrave; được bảo vệ khỏi c&aacute;c sự cố tr&agrave;n v&agrave; tai nạn th&ocirc;ng thường với khả năng chống nước v&agrave; bụi.</p>\r\n<p style=\"font-weight: 400;\">M&agrave;n h&igrave;nh Dynamic Island mới tr&ecirc;n d&ograve;ng iPhone 14 Pro được coi l&agrave; &yacute; tưởng thiết kế s&aacute;ng tạo, đem đến trải nghiệm độc đ&aacute;o. Apple đ&atilde; thay thế phần notch tr&ecirc;n d&ograve;ng sản phẩm &zwnj;iPhone 14 Pro&zwnj; bằng lỗ khuyết vi&ecirc;n thuốc v&agrave; đục lỗ. Một chi tiết mới quan trọng của việc thay thế notch xuất hiện trong tuần n&agrave;y l&agrave; khi thiết bị được sử dụng, c&aacute;c lỗ h&igrave;nh vi&ecirc;n thuốc v&agrave; lỗ đục lỗ sẽ hợp nhất bằng kỹ thuật số th&agrave;nh h&igrave;nh chữ i d&agrave;i hơn. Phần cắt n&agrave;y được Apple d&ugrave;ng để hiển thị th&ocirc;ng tin như c&aacute;c th&ocirc;ng b&aacute;o về quyền ri&ecirc;ng tư của iOS v&agrave; cụm cảm biến cho FaceID</p>\r\n<p style=\"font-weight: 400;\">Ngo&agrave;i ra, iPhone 14 Pro Max VN/A c&ograve;n c&oacute; t&iacute;nh năng Always On Display hay m&agrave;n h&igrave;nh lu&ocirc;n bật, đ&acirc;y l&agrave; một trong những t&iacute;nh năng kh&aacute; th&uacute; vị tr&ecirc;n c&aacute;c d&ograve;ng điện thoại hiện nay. T&iacute;nh năng n&agrave;y kh&ocirc;ng chỉ gi&uacute;p bạn nhận được th&ocirc;ng b&aacute;o từ c&aacute;c ứng dụng như đồng hồ, lịch, tin nhắn, cuộc gọi nhỡ, ứng dụng,... kể cả khi m&agrave;n h&igrave;nh điện thoại đ&atilde; tắt m&agrave; c&ograve;n gi&uacute;p điện thoại tiết kiệm pin đ&aacute;ng kể.</p>\r\n<h2>N&acirc;ng cấp đ&aacute;ng kể về camera</h2>\r\n<p style=\"font-weight: 400;\">Một trong những n&acirc;ng cấp m&agrave; người d&ugrave;ng tr&ocirc;ng đợi nhất từ d&ograve;ng iPhone 14 đ&oacute; ch&iacute;nh l&agrave; camera. Sau nhiều năm camera dặm ch&acirc;n ở con số 12MP, độ ph&acirc;n giải camera ch&iacute;nh của iPhone 14 Pro Max VN/A đ&atilde; được n&acirc;ng cấp l&ecirc;n th&agrave;nh 48MP c&ugrave;ng điểm ảnh 1,4&micro;m. Sự n&acirc;ng cấp n&agrave;y cho ph&eacute;p camera thu được nhiều &aacute;nh s&aacute;ng hơn khi chụp ảnh trong điều kiện &aacute;nh s&aacute;ng yếu.</p>\r\n<p style=\"font-weight: 400;\">&nbsp;</p>\r\n<p style=\"font-weight: 400;\"><em>iPhone 14 Pro Max VN/A c&oacute; n&acirc;ng cấp đ&aacute;ng kể về camera</em></p>\r\n<p style=\"font-weight: 400;\">&nbsp;</p>\r\n<p style=\"font-weight: 400;\">Ngo&agrave;i ra, điện thoại c&ograve;n hỗ trợ quay video 8K (ở tốc độ l&ecirc;n đến 60 khung h&igrave;nh/gi&acirc;y), kh&ocirc;ng chỉ đem lại h&igrave;nh ảnh sắc n&eacute;t hơn (như tăng chất lượng tr&ecirc;n video YouTube) m&agrave; c&ograve;n cho ph&eacute;p c&aacute;c nh&agrave; l&agrave;m phim cắt, ổn định v&agrave; điều chỉnh lại cảnh quay sau khi n&oacute; được quay.</p>\r\n<ul>\r\n<li style=\"font-weight: 400;\">M&aacute;y ảnh ch&iacute;nh được n&acirc;ng cấp l&ecirc;n th&agrave;nh 48MP c&ugrave;ng điểm ảnh 1,4&micro;m, đi k&egrave;m pixel-binning (kết hợp pixel với nhau) cho ph&eacute;p camera thu được nhiều &aacute;nh s&aacute;ng hơn v&agrave; giảm nhiễu</li>\r\n<li style=\"font-weight: 400;\">M&aacute;y ảnh 12MP Ultra Wide mới với điểm ảnh 1,4 &micro;m pixel, mang lại h&igrave;nh ảnh sắc n&eacute;t hơn với nhiều chi tiết hơn, cải thiện khả năng chụp ảnh macro vốn đ&atilde; mạnh mẽ.</li>\r\n<li style=\"font-weight: 400;\">M&aacute;y ảnh tele cải tiến c&oacute; khả năng zoom quang học 3x.</li>\r\n<li style=\"font-weight: 400;\">Một camera TrueDepth ph&iacute;a trước mới với khẩu độ &fnof; / 1.9 cho ph&eacute;p chụp ảnh v&agrave; quay video trong điều kiện &aacute;nh s&aacute;ng yếu tốt hơn. Sử dụng lấy n&eacute;t tự động lần đầu ti&ecirc;n, n&oacute; c&oacute; thể lấy n&eacute;t nhanh hơn nữa trong điều kiện &aacute;nh s&aacute;ng yếu v&agrave; chụp ảnh nh&oacute;m từ xa hơn.</li>\r\n<li style=\"font-weight: 400;\">Đ&egrave;n flash True Tone th&iacute;ch ứng mới đ&atilde; được thiết kế lại ho&agrave;n to&agrave;n với một d&atilde;y ch&iacute;n đ&egrave;n LED thay đổi kiểu dựa tr&ecirc;n độ d&agrave;i ti&ecirc;u cự đ&atilde; chọn.</li>\r\n<li style=\"font-weight: 400;\">Hỗ trợ chụp ảnh ti&ecirc;n tiến như Chế độ ban đ&ecirc;m, Smart HDR 4, Chế độ ch&acirc;n dung với &Aacute;nh s&aacute;ng ch&acirc;n dung, Chế độ ban đ&ecirc;m Ảnh ch&acirc;n dung, Kiểu chụp ảnh để c&aacute; nh&acirc;n h&oacute;a giao diện của mọi bức ảnh v&agrave; Apple ProRAW.</li>\r\n<li style=\"font-weight: 400;\">Chế độ Action mới cho video tr&ocirc;ng cực kỳ mượt m&agrave; c&oacute; thể giảm độ rung, cho ra những khung h&igrave;nh mượt m&agrave; sống động</li>\r\n<li style=\"font-weight: 400;\">Chế độ Cinematic, hiện c&oacute; sẵn ở 4K ở tốc độ 30 khung h&igrave;nh / gi&acirc;y v&agrave; 4K ở tốc độ 24 khung h&igrave;nh / gi&acirc;y.</li>\r\n<li style=\"font-weight: 400;\">T&iacute;nh năng định dạng video chuy&ecirc;n nghiệp, bao gồm ProRes3 v&agrave; Dolby Vision HDR đầu cuối.</li>\r\n</ul>\r\n<h2>Bộ vi xử l&yacute; A16 cực xịn</h2>\r\n<p style=\"font-weight: 400;\">iPhone 14 Pro Max VN/A sử dụng bộ vi xử l&yacute; Apple A16 Bionic được xử l&yacute; tr&ecirc;n tiến tr&igrave;nh 4nm. Với bộ xử l&yacute; neural 16 nh&acirc;n tr&ecirc;n chip n&agrave;y, b&ecirc;n cạnh bộ xử l&yacute; m&agrave;n h&igrave;nh ho&agrave;n to&agrave;n mới để hỗ trợ đẩy tần số qu&eacute;t xuống 1Hz, xử l&yacute; t&iacute;nh năng always-on v&agrave; gi&uacute;p Dynamic Island hoạt động mượt m&agrave;.Thiết bị c&oacute; RAM 6GB sử dụng c&ocirc;ng nghệ LPDDR5 cải tiến về tốc độ truyền v&agrave; điện năng ti&ecirc;u thụ.</p>\r\n<p style=\"font-weight: 400;\">&nbsp;</p>\r\n<p style=\"font-weight: 400;\"><em>iPhone 14 Pro Max VN/A</em></p>\r\n<h2>T&iacute;nh năng điện thoại vệ tinh</h2>\r\n<p style=\"font-weight: 400;\">Điểm độc đ&aacute;o tr&ecirc;n thế hệ&nbsp;<a href=\"https://hoanghamobile.com/dien-thoai-di-dong/iphone/iphone-14-series\">iPhone 14 Series</a>&nbsp;ch&iacute;nh l&agrave; điện thoại vệ tinh hỗ trợ người d&ugrave;ng trong việc li&ecirc;n lạc bằng c&aacute;ch kết nối với c&aacute;c trạm vệ tinh xoay quanh quỹ đạo m&agrave; kh&ocirc;ng cần s&oacute;ng của nh&agrave; mạng.</p>\r\n<p style=\"font-weight: 400;\">iPhone 14 Pro Max VN/A c&oacute; dung lượng 4.323 mAh &ndash; thấp hơn một ch&uacute;t so với mức 4.352 mAh của 13 Pro Max. Ngo&agrave;i ra, thiết bị được trang bị sạc nhanh với c&ocirc;ng suất 30W, cao hơn đ&aacute;ng kể so với mức sạc 20W cũ.</p>\r\n<p style=\"font-weight: 400;\">iPhone 14 Pro Max VN/A hiện l&agrave; chiếc flagship c&oacute; trọng lượng nặng nhất tr&ecirc;n thị trường với khối lượng 255 gram, cao hơn 15 gram so với thế hệ trước. Người d&ugrave;ng c&oacute; t&ugrave;y chọn c&aacute;c phi&ecirc;n bản dung lượng gồm 128 GB, 256 GB, 512 GB v&agrave; 1TB. Thiết bị sử dụng phần khung titan thay v&igrave; th&eacute;p kh&ocirc;ng gỉ, mang đến một chiếc iPhone mạnh mẽ hơn, nhẹ hơn v&agrave; chống trầy tốt hơn, d&ugrave; l&agrave;m tăng khối lượng.</p>\r\n<p style=\"font-weight: 400;\">iPhone 14 Pro Max VN/A sẽ c&oacute; c&aacute;c lựa chọn m&agrave;u sắc: x&aacute;m than ch&igrave; (Graphite), bạc (Silver), v&agrave;ng (Gold), t&iacute;m (Purple), nhưng kh&ocirc;ng c&oacute; phi&ecirc;n bản m&agrave;u xanh Sierra Blue như năm ngo&aacute;i.</p>',0,1,4,18,'2023-07-11 11:08:01','2023-07-11 21:10:59',NULL),(2,'iPhone 14 Pro Max (256GB) - Chính hãng VN/A','iphone-14-pro-max-256gb-chinh-hang-vna','222222.png','/storage/product/1/P5zqbyrbQ39ynKIcIZqJ.png','27990000','25990000','<p><strong>C&ocirc;ng nghệ m&agrave;n h&igrave;nh::</strong>&nbsp;OLED</p>\r\n<p><strong>Độ ph&acirc;n giải::</strong>&nbsp;2796 x 1290 Pixels</p>\r\n<p><strong>M&agrave;n h&igrave;nh rộng::</strong>&nbsp;6.7\"</p>\r\n<p><strong>Độ ph&acirc;n giải:</strong>&nbsp;Ch&iacute;nh 48 MP &amp; Phụ 12 MP, 12 MP, 12 MP</p>\r\n<p><strong>Hệ điều h&agrave;nh:</strong>&nbsp;iOS 16</p>\r\n<p><strong>Chip xử l&yacute; (CPU):</strong>&nbsp;Apple A16 Bionic 6 nh&acirc;n</p>\r\n<p><strong>Bộ nhớ trong (ROM):</strong>&nbsp;128 GB</p>\r\n<p><strong>RAM:</strong>&nbsp;6 GB</p>\r\n<p><strong>Mạng di động:</strong>&nbsp;Hỗ trợ 5G</p>\r\n<p><strong>Số khe sim:</strong>&nbsp;1 Nano SIM &amp; 1 eSIM</p>\r\n<p><strong>Dung lượng pin:</strong>&nbsp;4323 mAh</p>','<p style=\"font-weight: 400;\">iPhone 14 Pro Max VN/A l&agrave; d&ograve;ng sản phẩm cao cấp nhất nằm trong thế hệ&nbsp;<a href=\"https://hoanghamobile.com/dien-thoai-di-dong/iphone/iphone-14-series\">iPhone 14 Series</a>&nbsp;mới vừa được ra mắt c&ugrave;ng với nhiều n&acirc;ng cấp về ngoại h&igrave;nh v&agrave; t&iacute;nh năng, hứa hẹn sẽ l&agrave; d&ograve;ng sản phẩm đột ph&aacute; trong v&agrave;i năm trở lại đ&acirc;y của Apple.</p>\r\n<p style=\"font-weight: 400;\">&nbsp;</p>\r\n<p style=\"font-weight: 400;\"><em>iPhone 14 Pro Max VN/A</em></p>\r\n<h2>Ph&aacute; vỡ thiết kế notch cổ điển</h2>\r\n<p style=\"font-weight: 400;\">Chiếc iPhone 14 Pro Max VN/A sở hữu m&agrave;n h&igrave;nh Super Retina XDR mới với ProMotion c&oacute; k&iacute;ch thước 6.7 inch. Tần số qu&eacute;t m&agrave;n h&igrave;nh sẽ giảm xuống 1 Hz để tiết kiệm pin, trong khi h&igrave;nh nền được l&agrave;m mờ. M&agrave;n h&igrave;nh ti&ecirc;n tiến cũng mang lại mức độ s&aacute;ng HDR cao nhất tương tự như Pro Display XDR v&agrave; ​​độ s&aacute;ng đỉnh ngo&agrave;i trời cao nhất trong điện thoại th&ocirc;ng minh: l&ecirc;n đến 2000 nits, s&aacute;ng gấp đ&ocirc;i so với người tiền nhiệm.</p>\r\n<p style=\"font-weight: 400;\">M&agrave;n h&igrave;nh trước l&agrave;m từ chất liệu Ceramic Shield - cứng hơn bất kỳ loại k&iacute;nh điện thoại th&ocirc;ng minh n&agrave;o - v&agrave; được bảo vệ khỏi c&aacute;c sự cố tr&agrave;n v&agrave; tai nạn th&ocirc;ng thường với khả năng chống nước v&agrave; bụi.</p>\r\n<p style=\"font-weight: 400;\">M&agrave;n h&igrave;nh Dynamic Island mới tr&ecirc;n d&ograve;ng iPhone 14 Pro được coi l&agrave; &yacute; tưởng thiết kế s&aacute;ng tạo, đem đến trải nghiệm độc đ&aacute;o. Apple đ&atilde; thay thế phần notch tr&ecirc;n d&ograve;ng sản phẩm &zwnj;iPhone 14 Pro&zwnj; bằng lỗ khuyết vi&ecirc;n thuốc v&agrave; đục lỗ. Một chi tiết mới quan trọng của việc thay thế notch xuất hiện trong tuần n&agrave;y l&agrave; khi thiết bị được sử dụng, c&aacute;c lỗ h&igrave;nh vi&ecirc;n thuốc v&agrave; lỗ đục lỗ sẽ hợp nhất bằng kỹ thuật số th&agrave;nh h&igrave;nh chữ i d&agrave;i hơn. Phần cắt n&agrave;y được Apple d&ugrave;ng để hiển thị th&ocirc;ng tin như c&aacute;c th&ocirc;ng b&aacute;o về quyền ri&ecirc;ng tư của iOS v&agrave; cụm cảm biến cho FaceID</p>\r\n<p style=\"font-weight: 400;\">Ngo&agrave;i ra, iPhone 14 Pro Max VN/A c&ograve;n c&oacute; t&iacute;nh năng Always On Display hay m&agrave;n h&igrave;nh lu&ocirc;n bật, đ&acirc;y l&agrave; một trong những t&iacute;nh năng kh&aacute; th&uacute; vị tr&ecirc;n c&aacute;c d&ograve;ng điện thoại hiện nay. T&iacute;nh năng n&agrave;y kh&ocirc;ng chỉ gi&uacute;p bạn nhận được th&ocirc;ng b&aacute;o từ c&aacute;c ứng dụng như đồng hồ, lịch, tin nhắn, cuộc gọi nhỡ, ứng dụng,... kể cả khi m&agrave;n h&igrave;nh điện thoại đ&atilde; tắt m&agrave; c&ograve;n gi&uacute;p điện thoại tiết kiệm pin đ&aacute;ng kể.</p>\r\n<h2>N&acirc;ng cấp đ&aacute;ng kể về camera</h2>\r\n<p style=\"font-weight: 400;\">Một trong những n&acirc;ng cấp m&agrave; người d&ugrave;ng tr&ocirc;ng đợi nhất từ d&ograve;ng iPhone 14 đ&oacute; ch&iacute;nh l&agrave; camera. Sau nhiều năm camera dặm ch&acirc;n ở con số 12MP, độ ph&acirc;n giải camera ch&iacute;nh của iPhone 14 Pro Max VN/A đ&atilde; được n&acirc;ng cấp l&ecirc;n th&agrave;nh 48MP c&ugrave;ng điểm ảnh 1,4&micro;m. Sự n&acirc;ng cấp n&agrave;y cho ph&eacute;p camera thu được nhiều &aacute;nh s&aacute;ng hơn khi chụp ảnh trong điều kiện &aacute;nh s&aacute;ng yếu.</p>\r\n<p style=\"font-weight: 400;\">&nbsp;</p>\r\n<p style=\"font-weight: 400;\"><em>iPhone 14 Pro Max VN/A c&oacute; n&acirc;ng cấp đ&aacute;ng kể về camera</em></p>\r\n<p style=\"font-weight: 400;\">&nbsp;</p>\r\n<p style=\"font-weight: 400;\">Ngo&agrave;i ra, điện thoại c&ograve;n hỗ trợ quay video 8K (ở tốc độ l&ecirc;n đến 60 khung h&igrave;nh/gi&acirc;y), kh&ocirc;ng chỉ đem lại h&igrave;nh ảnh sắc n&eacute;t hơn (như tăng chất lượng tr&ecirc;n video YouTube) m&agrave; c&ograve;n cho ph&eacute;p c&aacute;c nh&agrave; l&agrave;m phim cắt, ổn định v&agrave; điều chỉnh lại cảnh quay sau khi n&oacute; được quay.</p>\r\n<ul>\r\n<li style=\"font-weight: 400;\">M&aacute;y ảnh ch&iacute;nh được n&acirc;ng cấp l&ecirc;n th&agrave;nh 48MP c&ugrave;ng điểm ảnh 1,4&micro;m, đi k&egrave;m pixel-binning (kết hợp pixel với nhau) cho ph&eacute;p camera thu được nhiều &aacute;nh s&aacute;ng hơn v&agrave; giảm nhiễu</li>\r\n<li style=\"font-weight: 400;\">M&aacute;y ảnh 12MP Ultra Wide mới với điểm ảnh 1,4 &micro;m pixel, mang lại h&igrave;nh ảnh sắc n&eacute;t hơn với nhiều chi tiết hơn, cải thiện khả năng chụp ảnh macro vốn đ&atilde; mạnh mẽ.</li>\r\n<li style=\"font-weight: 400;\">M&aacute;y ảnh tele cải tiến c&oacute; khả năng zoom quang học 3x.</li>\r\n<li style=\"font-weight: 400;\">Một camera TrueDepth ph&iacute;a trước mới với khẩu độ &fnof; / 1.9 cho ph&eacute;p chụp ảnh v&agrave; quay video trong điều kiện &aacute;nh s&aacute;ng yếu tốt hơn. Sử dụng lấy n&eacute;t tự động lần đầu ti&ecirc;n, n&oacute; c&oacute; thể lấy n&eacute;t nhanh hơn nữa trong điều kiện &aacute;nh s&aacute;ng yếu v&agrave; chụp ảnh nh&oacute;m từ xa hơn.</li>\r\n<li style=\"font-weight: 400;\">Đ&egrave;n flash True Tone th&iacute;ch ứng mới đ&atilde; được thiết kế lại ho&agrave;n to&agrave;n với một d&atilde;y ch&iacute;n đ&egrave;n LED thay đổi kiểu dựa tr&ecirc;n độ d&agrave;i ti&ecirc;u cự đ&atilde; chọn.</li>\r\n<li style=\"font-weight: 400;\">Hỗ trợ chụp ảnh ti&ecirc;n tiến như Chế độ ban đ&ecirc;m, Smart HDR 4, Chế độ ch&acirc;n dung với &Aacute;nh s&aacute;ng ch&acirc;n dung, Chế độ ban đ&ecirc;m Ảnh ch&acirc;n dung, Kiểu chụp ảnh để c&aacute; nh&acirc;n h&oacute;a giao diện của mọi bức ảnh v&agrave; Apple ProRAW.</li>\r\n<li style=\"font-weight: 400;\">Chế độ Action mới cho video tr&ocirc;ng cực kỳ mượt m&agrave; c&oacute; thể giảm độ rung, cho ra những khung h&igrave;nh mượt m&agrave; sống động</li>\r\n<li style=\"font-weight: 400;\">Chế độ Cinematic, hiện c&oacute; sẵn ở 4K ở tốc độ 30 khung h&igrave;nh / gi&acirc;y v&agrave; 4K ở tốc độ 24 khung h&igrave;nh / gi&acirc;y.</li>\r\n<li style=\"font-weight: 400;\">T&iacute;nh năng định dạng video chuy&ecirc;n nghiệp, bao gồm ProRes3 v&agrave; Dolby Vision HDR đầu cuối.</li>\r\n</ul>\r\n<h2>Bộ vi xử l&yacute; A16 cực xịn</h2>\r\n<p style=\"font-weight: 400;\">iPhone 14 Pro Max VN/A sử dụng bộ vi xử l&yacute; Apple A16 Bionic được xử l&yacute; tr&ecirc;n tiến tr&igrave;nh 4nm. Với bộ xử l&yacute; neural 16 nh&acirc;n tr&ecirc;n chip n&agrave;y, b&ecirc;n cạnh bộ xử l&yacute; m&agrave;n h&igrave;nh ho&agrave;n to&agrave;n mới để hỗ trợ đẩy tần số qu&eacute;t xuống 1Hz, xử l&yacute; t&iacute;nh năng always-on v&agrave; gi&uacute;p Dynamic Island hoạt động mượt m&agrave;.Thiết bị c&oacute; RAM 6GB sử dụng c&ocirc;ng nghệ LPDDR5 cải tiến về tốc độ truyền v&agrave; điện năng ti&ecirc;u thụ.</p>\r\n<p style=\"font-weight: 400;\">&nbsp;</p>\r\n<p style=\"font-weight: 400;\"><em>iPhone 14 Pro Max VN/A</em></p>\r\n<h2>T&iacute;nh năng điện thoại vệ tinh</h2>\r\n<p style=\"font-weight: 400;\">Điểm độc đ&aacute;o tr&ecirc;n thế hệ&nbsp;<a href=\"https://hoanghamobile.com/dien-thoai-di-dong/iphone/iphone-14-series\">iPhone 14 Series</a>&nbsp;ch&iacute;nh l&agrave; điện thoại vệ tinh hỗ trợ người d&ugrave;ng trong việc li&ecirc;n lạc bằng c&aacute;ch kết nối với c&aacute;c trạm vệ tinh xoay quanh quỹ đạo m&agrave; kh&ocirc;ng cần s&oacute;ng của nh&agrave; mạng.</p>\r\n<p style=\"font-weight: 400;\">iPhone 14 Pro Max VN/A c&oacute; dung lượng 4.323 mAh &ndash; thấp hơn một ch&uacute;t so với mức 4.352 mAh của 13 Pro Max. Ngo&agrave;i ra, thiết bị được trang bị sạc nhanh với c&ocirc;ng suất 30W, cao hơn đ&aacute;ng kể so với mức sạc 20W cũ.</p>\r\n<p style=\"font-weight: 400;\">iPhone 14 Pro Max VN/A hiện l&agrave; chiếc flagship c&oacute; trọng lượng nặng nhất tr&ecirc;n thị trường với khối lượng 255 gram, cao hơn 15 gram so với thế hệ trước. Người d&ugrave;ng c&oacute; t&ugrave;y chọn c&aacute;c phi&ecirc;n bản dung lượng gồm 128 GB, 256 GB, 512 GB v&agrave; 1TB. Thiết bị sử dụng phần khung titan thay v&igrave; th&eacute;p kh&ocirc;ng gỉ, mang đến một chiếc iPhone mạnh mẽ hơn, nhẹ hơn v&agrave; chống trầy tốt hơn, d&ugrave; l&agrave;m tăng khối lượng.</p>\r\n<p style=\"font-weight: 400;\">iPhone 14 Pro Max VN/A sẽ c&oacute; c&aacute;c lựa chọn m&agrave;u sắc: x&aacute;m than ch&igrave; (Graphite), bạc (Silver), v&agrave;ng (Gold), t&iacute;m (Purple), nhưng kh&ocirc;ng c&oacute; phi&ecirc;n bản m&agrave;u xanh Sierra Blue như năm ngo&aacute;i.</p>',0,1,4,20,'2023-07-11 11:08:54','2023-07-11 11:08:54',NULL),(3,'iPhone 14 plus (256GB) - Chính hãng VN/A','iphone-14-plus-256gb-chinh-hang-vna','anh-chup-man-hinh-2022-09-08-luc-01-57-13-removebg-preview.png','/storage/product/1/ASdSgVCIp8GW7LUBqmx7.png','21990000','20990000','<p><strong>C&ocirc;ng nghệ m&agrave;n h&igrave;nh::</strong>&nbsp;OLED</p>\r\n<p><strong>Độ ph&acirc;n giải::</strong>&nbsp;2796 x 1290 Pixels</p>\r\n<p><strong>M&agrave;n h&igrave;nh rộng::</strong>&nbsp;6.7\"</p>\r\n<p><strong>Độ ph&acirc;n giải:</strong>&nbsp;Ch&iacute;nh 48 MP &amp; Phụ 12 MP, 12 MP, 12 MP</p>\r\n<p><strong>Hệ điều h&agrave;nh:</strong>&nbsp;iOS 16</p>\r\n<p><strong>Chip xử l&yacute; (CPU):</strong>&nbsp;Apple A16 Bionic 6 nh&acirc;n</p>\r\n<p><strong>Bộ nhớ trong (ROM):</strong>&nbsp;128 GB</p>\r\n<p><strong>RAM:</strong>&nbsp;6 GB</p>\r\n<p><strong>Mạng di động:</strong>&nbsp;Hỗ trợ 5G</p>\r\n<p><strong>Số khe sim:</strong>&nbsp;1 Nano SIM &amp; 1 eSIM</p>\r\n<p><strong>Dung lượng pin:</strong>&nbsp;4323 mAh</p>','<p style=\"font-weight: 400;\">iPhone 14 Pro Max VN/A l&agrave; d&ograve;ng sản phẩm cao cấp nhất nằm trong thế hệ&nbsp;<a href=\"https://hoanghamobile.com/dien-thoai-di-dong/iphone/iphone-14-series\">iPhone 14 Series</a>&nbsp;mới vừa được ra mắt c&ugrave;ng với nhiều n&acirc;ng cấp về ngoại h&igrave;nh v&agrave; t&iacute;nh năng, hứa hẹn sẽ l&agrave; d&ograve;ng sản phẩm đột ph&aacute; trong v&agrave;i năm trở lại đ&acirc;y của Apple.</p>\r\n<p style=\"font-weight: 400;\">&nbsp;</p>\r\n<p style=\"font-weight: 400;\"><em>iPhone 14 Pro Max VN/A</em></p>\r\n<h2>Ph&aacute; vỡ thiết kế notch cổ điển</h2>\r\n<p style=\"font-weight: 400;\">Chiếc iPhone 14 Pro Max VN/A sở hữu m&agrave;n h&igrave;nh Super Retina XDR mới với ProMotion c&oacute; k&iacute;ch thước 6.7 inch. Tần số qu&eacute;t m&agrave;n h&igrave;nh sẽ giảm xuống 1 Hz để tiết kiệm pin, trong khi h&igrave;nh nền được l&agrave;m mờ. M&agrave;n h&igrave;nh ti&ecirc;n tiến cũng mang lại mức độ s&aacute;ng HDR cao nhất tương tự như Pro Display XDR v&agrave; ​​độ s&aacute;ng đỉnh ngo&agrave;i trời cao nhất trong điện thoại th&ocirc;ng minh: l&ecirc;n đến 2000 nits, s&aacute;ng gấp đ&ocirc;i so với người tiền nhiệm.</p>\r\n<p style=\"font-weight: 400;\">M&agrave;n h&igrave;nh trước l&agrave;m từ chất liệu Ceramic Shield - cứng hơn bất kỳ loại k&iacute;nh điện thoại th&ocirc;ng minh n&agrave;o - v&agrave; được bảo vệ khỏi c&aacute;c sự cố tr&agrave;n v&agrave; tai nạn th&ocirc;ng thường với khả năng chống nước v&agrave; bụi.</p>\r\n<p style=\"font-weight: 400;\">M&agrave;n h&igrave;nh Dynamic Island mới tr&ecirc;n d&ograve;ng iPhone 14 Pro được coi l&agrave; &yacute; tưởng thiết kế s&aacute;ng tạo, đem đến trải nghiệm độc đ&aacute;o. Apple đ&atilde; thay thế phần notch tr&ecirc;n d&ograve;ng sản phẩm &zwnj;iPhone 14 Pro&zwnj; bằng lỗ khuyết vi&ecirc;n thuốc v&agrave; đục lỗ. Một chi tiết mới quan trọng của việc thay thế notch xuất hiện trong tuần n&agrave;y l&agrave; khi thiết bị được sử dụng, c&aacute;c lỗ h&igrave;nh vi&ecirc;n thuốc v&agrave; lỗ đục lỗ sẽ hợp nhất bằng kỹ thuật số th&agrave;nh h&igrave;nh chữ i d&agrave;i hơn. Phần cắt n&agrave;y được Apple d&ugrave;ng để hiển thị th&ocirc;ng tin như c&aacute;c th&ocirc;ng b&aacute;o về quyền ri&ecirc;ng tư của iOS v&agrave; cụm cảm biến cho FaceID</p>\r\n<p style=\"font-weight: 400;\">Ngo&agrave;i ra, iPhone 14 Pro Max VN/A c&ograve;n c&oacute; t&iacute;nh năng Always On Display hay m&agrave;n h&igrave;nh lu&ocirc;n bật, đ&acirc;y l&agrave; một trong những t&iacute;nh năng kh&aacute; th&uacute; vị tr&ecirc;n c&aacute;c d&ograve;ng điện thoại hiện nay. T&iacute;nh năng n&agrave;y kh&ocirc;ng chỉ gi&uacute;p bạn nhận được th&ocirc;ng b&aacute;o từ c&aacute;c ứng dụng như đồng hồ, lịch, tin nhắn, cuộc gọi nhỡ, ứng dụng,... kể cả khi m&agrave;n h&igrave;nh điện thoại đ&atilde; tắt m&agrave; c&ograve;n gi&uacute;p điện thoại tiết kiệm pin đ&aacute;ng kể.</p>\r\n<h2>N&acirc;ng cấp đ&aacute;ng kể về camera</h2>\r\n<p style=\"font-weight: 400;\">Một trong những n&acirc;ng cấp m&agrave; người d&ugrave;ng tr&ocirc;ng đợi nhất từ d&ograve;ng iPhone 14 đ&oacute; ch&iacute;nh l&agrave; camera. Sau nhiều năm camera dặm ch&acirc;n ở con số 12MP, độ ph&acirc;n giải camera ch&iacute;nh của iPhone 14 Pro Max VN/A đ&atilde; được n&acirc;ng cấp l&ecirc;n th&agrave;nh 48MP c&ugrave;ng điểm ảnh 1,4&micro;m. Sự n&acirc;ng cấp n&agrave;y cho ph&eacute;p camera thu được nhiều &aacute;nh s&aacute;ng hơn khi chụp ảnh trong điều kiện &aacute;nh s&aacute;ng yếu.</p>\r\n<p style=\"font-weight: 400;\">&nbsp;</p>\r\n<p style=\"font-weight: 400;\"><em>iPhone 14 Pro Max VN/A c&oacute; n&acirc;ng cấp đ&aacute;ng kể về camera</em></p>\r\n<p style=\"font-weight: 400;\">&nbsp;</p>\r\n<p style=\"font-weight: 400;\">Ngo&agrave;i ra, điện thoại c&ograve;n hỗ trợ quay video 8K (ở tốc độ l&ecirc;n đến 60 khung h&igrave;nh/gi&acirc;y), kh&ocirc;ng chỉ đem lại h&igrave;nh ảnh sắc n&eacute;t hơn (như tăng chất lượng tr&ecirc;n video YouTube) m&agrave; c&ograve;n cho ph&eacute;p c&aacute;c nh&agrave; l&agrave;m phim cắt, ổn định v&agrave; điều chỉnh lại cảnh quay sau khi n&oacute; được quay.</p>\r\n<ul>\r\n<li style=\"font-weight: 400;\">M&aacute;y ảnh ch&iacute;nh được n&acirc;ng cấp l&ecirc;n th&agrave;nh 48MP c&ugrave;ng điểm ảnh 1,4&micro;m, đi k&egrave;m pixel-binning (kết hợp pixel với nhau) cho ph&eacute;p camera thu được nhiều &aacute;nh s&aacute;ng hơn v&agrave; giảm nhiễu</li>\r\n<li style=\"font-weight: 400;\">M&aacute;y ảnh 12MP Ultra Wide mới với điểm ảnh 1,4 &micro;m pixel, mang lại h&igrave;nh ảnh sắc n&eacute;t hơn với nhiều chi tiết hơn, cải thiện khả năng chụp ảnh macro vốn đ&atilde; mạnh mẽ.</li>\r\n<li style=\"font-weight: 400;\">M&aacute;y ảnh tele cải tiến c&oacute; khả năng zoom quang học 3x.</li>\r\n<li style=\"font-weight: 400;\">Một camera TrueDepth ph&iacute;a trước mới với khẩu độ &fnof; / 1.9 cho ph&eacute;p chụp ảnh v&agrave; quay video trong điều kiện &aacute;nh s&aacute;ng yếu tốt hơn. Sử dụng lấy n&eacute;t tự động lần đầu ti&ecirc;n, n&oacute; c&oacute; thể lấy n&eacute;t nhanh hơn nữa trong điều kiện &aacute;nh s&aacute;ng yếu v&agrave; chụp ảnh nh&oacute;m từ xa hơn.</li>\r\n<li style=\"font-weight: 400;\">Đ&egrave;n flash True Tone th&iacute;ch ứng mới đ&atilde; được thiết kế lại ho&agrave;n to&agrave;n với một d&atilde;y ch&iacute;n đ&egrave;n LED thay đổi kiểu dựa tr&ecirc;n độ d&agrave;i ti&ecirc;u cự đ&atilde; chọn.</li>\r\n<li style=\"font-weight: 400;\">Hỗ trợ chụp ảnh ti&ecirc;n tiến như Chế độ ban đ&ecirc;m, Smart HDR 4, Chế độ ch&acirc;n dung với &Aacute;nh s&aacute;ng ch&acirc;n dung, Chế độ ban đ&ecirc;m Ảnh ch&acirc;n dung, Kiểu chụp ảnh để c&aacute; nh&acirc;n h&oacute;a giao diện của mọi bức ảnh v&agrave; Apple ProRAW.</li>\r\n<li style=\"font-weight: 400;\">Chế độ Action mới cho video tr&ocirc;ng cực kỳ mượt m&agrave; c&oacute; thể giảm độ rung, cho ra những khung h&igrave;nh mượt m&agrave; sống động</li>\r\n<li style=\"font-weight: 400;\">Chế độ Cinematic, hiện c&oacute; sẵn ở 4K ở tốc độ 30 khung h&igrave;nh / gi&acirc;y v&agrave; 4K ở tốc độ 24 khung h&igrave;nh / gi&acirc;y.</li>\r\n<li style=\"font-weight: 400;\">T&iacute;nh năng định dạng video chuy&ecirc;n nghiệp, bao gồm ProRes3 v&agrave; Dolby Vision HDR đầu cuối.</li>\r\n</ul>\r\n<h2>Bộ vi xử l&yacute; A16 cực xịn</h2>\r\n<p style=\"font-weight: 400;\">iPhone 14 Pro Max VN/A sử dụng bộ vi xử l&yacute; Apple A16 Bionic được xử l&yacute; tr&ecirc;n tiến tr&igrave;nh 4nm. Với bộ xử l&yacute; neural 16 nh&acirc;n tr&ecirc;n chip n&agrave;y, b&ecirc;n cạnh bộ xử l&yacute; m&agrave;n h&igrave;nh ho&agrave;n to&agrave;n mới để hỗ trợ đẩy tần số qu&eacute;t xuống 1Hz, xử l&yacute; t&iacute;nh năng always-on v&agrave; gi&uacute;p Dynamic Island hoạt động mượt m&agrave;.Thiết bị c&oacute; RAM 6GB sử dụng c&ocirc;ng nghệ LPDDR5 cải tiến về tốc độ truyền v&agrave; điện năng ti&ecirc;u thụ.</p>\r\n<p style=\"font-weight: 400;\">&nbsp;</p>\r\n<p style=\"font-weight: 400;\"><em>iPhone 14 Pro Max VN/A</em></p>\r\n<h2>T&iacute;nh năng điện thoại vệ tinh</h2>\r\n<p style=\"font-weight: 400;\">Điểm độc đ&aacute;o tr&ecirc;n thế hệ&nbsp;<a href=\"https://hoanghamobile.com/dien-thoai-di-dong/iphone/iphone-14-series\">iPhone 14 Series</a>&nbsp;ch&iacute;nh l&agrave; điện thoại vệ tinh hỗ trợ người d&ugrave;ng trong việc li&ecirc;n lạc bằng c&aacute;ch kết nối với c&aacute;c trạm vệ tinh xoay quanh quỹ đạo m&agrave; kh&ocirc;ng cần s&oacute;ng của nh&agrave; mạng.</p>\r\n<p style=\"font-weight: 400;\">iPhone 14 Pro Max VN/A c&oacute; dung lượng 4.323 mAh &ndash; thấp hơn một ch&uacute;t so với mức 4.352 mAh của 13 Pro Max. Ngo&agrave;i ra, thiết bị được trang bị sạc nhanh với c&ocirc;ng suất 30W, cao hơn đ&aacute;ng kể so với mức sạc 20W cũ.</p>\r\n<p style=\"font-weight: 400;\">iPhone 14 Pro Max VN/A hiện l&agrave; chiếc flagship c&oacute; trọng lượng nặng nhất tr&ecirc;n thị trường với khối lượng 255 gram, cao hơn 15 gram so với thế hệ trước. Người d&ugrave;ng c&oacute; t&ugrave;y chọn c&aacute;c phi&ecirc;n bản dung lượng gồm 128 GB, 256 GB, 512 GB v&agrave; 1TB. Thiết bị sử dụng phần khung titan thay v&igrave; th&eacute;p kh&ocirc;ng gỉ, mang đến một chiếc iPhone mạnh mẽ hơn, nhẹ hơn v&agrave; chống trầy tốt hơn, d&ugrave; l&agrave;m tăng khối lượng.</p>\r\n<p style=\"font-weight: 400;\">iPhone 14 Pro Max VN/A sẽ c&oacute; c&aacute;c lựa chọn m&agrave;u sắc: x&aacute;m than ch&igrave; (Graphite), bạc (Silver), v&agrave;ng (Gold), t&iacute;m (Purple), nhưng kh&ocirc;ng c&oacute; phi&ecirc;n bản m&agrave;u xanh Sierra Blue như năm ngo&aacute;i.</p>',1,1,4,20,'2023-07-11 11:09:51','2023-07-11 11:09:51',NULL),(4,'iPhone 12 (256GB) - Chính hãng VN/A','iphone-12-256gb-chinh-hang-vna','apple-iphone-12-mini.png','/storage/product/1/3AhieEZ4ycakccI4catw.png','15990000','12990000','<p><strong>C&ocirc;ng nghệ m&agrave;n h&igrave;nh::</strong>&nbsp;OLED</p>\r\n<p><strong>Độ ph&acirc;n giải::</strong>&nbsp;2796 x 1290 Pixels</p>\r\n<p><strong>M&agrave;n h&igrave;nh rộng::</strong>&nbsp;6.7\"</p>\r\n<p><strong>Độ ph&acirc;n giải:</strong>&nbsp;Ch&iacute;nh 48 MP &amp; Phụ 12 MP, 12 MP, 12 MP</p>\r\n<p><strong>Hệ điều h&agrave;nh:</strong>&nbsp;iOS 16</p>\r\n<p><strong>Chip xử l&yacute; (CPU):</strong>&nbsp;Apple A16 Bionic 6 nh&acirc;n</p>\r\n<p><strong>Bộ nhớ trong (ROM):</strong>&nbsp;128 GB</p>\r\n<p><strong>RAM:</strong>&nbsp;6 GB</p>\r\n<p><strong>Mạng di động:</strong>&nbsp;Hỗ trợ 5G</p>\r\n<p><strong>Số khe sim:</strong>&nbsp;1 Nano SIM &amp; 1 eSIM</p>\r\n<p><strong>Dung lượng pin:</strong>&nbsp;4323 mAh</p>','<p style=\"font-weight: 400;\">iPhone 14 Pro Max VN/A l&agrave; d&ograve;ng sản phẩm cao cấp nhất nằm trong thế hệ&nbsp;<a href=\"https://hoanghamobile.com/dien-thoai-di-dong/iphone/iphone-14-series\">iPhone 14 Series</a>&nbsp;mới vừa được ra mắt c&ugrave;ng với nhiều n&acirc;ng cấp về ngoại h&igrave;nh v&agrave; t&iacute;nh năng, hứa hẹn sẽ l&agrave; d&ograve;ng sản phẩm đột ph&aacute; trong v&agrave;i năm trở lại đ&acirc;y của Apple.</p>\r\n<p style=\"font-weight: 400;\">&nbsp;</p>\r\n<p style=\"font-weight: 400;\"><em>iPhone 14 Pro Max VN/A</em></p>\r\n<h2>Ph&aacute; vỡ thiết kế notch cổ điển</h2>\r\n<p style=\"font-weight: 400;\">Chiếc iPhone 14 Pro Max VN/A sở hữu m&agrave;n h&igrave;nh Super Retina XDR mới với ProMotion c&oacute; k&iacute;ch thước 6.7 inch. Tần số qu&eacute;t m&agrave;n h&igrave;nh sẽ giảm xuống 1 Hz để tiết kiệm pin, trong khi h&igrave;nh nền được l&agrave;m mờ. M&agrave;n h&igrave;nh ti&ecirc;n tiến cũng mang lại mức độ s&aacute;ng HDR cao nhất tương tự như Pro Display XDR v&agrave; ​​độ s&aacute;ng đỉnh ngo&agrave;i trời cao nhất trong điện thoại th&ocirc;ng minh: l&ecirc;n đến 2000 nits, s&aacute;ng gấp đ&ocirc;i so với người tiền nhiệm.</p>\r\n<p style=\"font-weight: 400;\">M&agrave;n h&igrave;nh trước l&agrave;m từ chất liệu Ceramic Shield - cứng hơn bất kỳ loại k&iacute;nh điện thoại th&ocirc;ng minh n&agrave;o - v&agrave; được bảo vệ khỏi c&aacute;c sự cố tr&agrave;n v&agrave; tai nạn th&ocirc;ng thường với khả năng chống nước v&agrave; bụi.</p>\r\n<p style=\"font-weight: 400;\">M&agrave;n h&igrave;nh Dynamic Island mới tr&ecirc;n d&ograve;ng iPhone 14 Pro được coi l&agrave; &yacute; tưởng thiết kế s&aacute;ng tạo, đem đến trải nghiệm độc đ&aacute;o. Apple đ&atilde; thay thế phần notch tr&ecirc;n d&ograve;ng sản phẩm &zwnj;iPhone 14 Pro&zwnj; bằng lỗ khuyết vi&ecirc;n thuốc v&agrave; đục lỗ. Một chi tiết mới quan trọng của việc thay thế notch xuất hiện trong tuần n&agrave;y l&agrave; khi thiết bị được sử dụng, c&aacute;c lỗ h&igrave;nh vi&ecirc;n thuốc v&agrave; lỗ đục lỗ sẽ hợp nhất bằng kỹ thuật số th&agrave;nh h&igrave;nh chữ i d&agrave;i hơn. Phần cắt n&agrave;y được Apple d&ugrave;ng để hiển thị th&ocirc;ng tin như c&aacute;c th&ocirc;ng b&aacute;o về quyền ri&ecirc;ng tư của iOS v&agrave; cụm cảm biến cho FaceID</p>\r\n<p style=\"font-weight: 400;\">Ngo&agrave;i ra, iPhone 14 Pro Max VN/A c&ograve;n c&oacute; t&iacute;nh năng Always On Display hay m&agrave;n h&igrave;nh lu&ocirc;n bật, đ&acirc;y l&agrave; một trong những t&iacute;nh năng kh&aacute; th&uacute; vị tr&ecirc;n c&aacute;c d&ograve;ng điện thoại hiện nay. T&iacute;nh năng n&agrave;y kh&ocirc;ng chỉ gi&uacute;p bạn nhận được th&ocirc;ng b&aacute;o từ c&aacute;c ứng dụng như đồng hồ, lịch, tin nhắn, cuộc gọi nhỡ, ứng dụng,... kể cả khi m&agrave;n h&igrave;nh điện thoại đ&atilde; tắt m&agrave; c&ograve;n gi&uacute;p điện thoại tiết kiệm pin đ&aacute;ng kể.</p>\r\n<h2>N&acirc;ng cấp đ&aacute;ng kể về camera</h2>\r\n<p style=\"font-weight: 400;\">Một trong những n&acirc;ng cấp m&agrave; người d&ugrave;ng tr&ocirc;ng đợi nhất từ d&ograve;ng iPhone 14 đ&oacute; ch&iacute;nh l&agrave; camera. Sau nhiều năm camera dặm ch&acirc;n ở con số 12MP, độ ph&acirc;n giải camera ch&iacute;nh của iPhone 14 Pro Max VN/A đ&atilde; được n&acirc;ng cấp l&ecirc;n th&agrave;nh 48MP c&ugrave;ng điểm ảnh 1,4&micro;m. Sự n&acirc;ng cấp n&agrave;y cho ph&eacute;p camera thu được nhiều &aacute;nh s&aacute;ng hơn khi chụp ảnh trong điều kiện &aacute;nh s&aacute;ng yếu.</p>\r\n<p style=\"font-weight: 400;\">&nbsp;</p>\r\n<p style=\"font-weight: 400;\"><em>iPhone 14 Pro Max VN/A c&oacute; n&acirc;ng cấp đ&aacute;ng kể về camera</em></p>\r\n<p style=\"font-weight: 400;\">&nbsp;</p>\r\n<p style=\"font-weight: 400;\">Ngo&agrave;i ra, điện thoại c&ograve;n hỗ trợ quay video 8K (ở tốc độ l&ecirc;n đến 60 khung h&igrave;nh/gi&acirc;y), kh&ocirc;ng chỉ đem lại h&igrave;nh ảnh sắc n&eacute;t hơn (như tăng chất lượng tr&ecirc;n video YouTube) m&agrave; c&ograve;n cho ph&eacute;p c&aacute;c nh&agrave; l&agrave;m phim cắt, ổn định v&agrave; điều chỉnh lại cảnh quay sau khi n&oacute; được quay.</p>\r\n<ul>\r\n<li style=\"font-weight: 400;\">M&aacute;y ảnh ch&iacute;nh được n&acirc;ng cấp l&ecirc;n th&agrave;nh 48MP c&ugrave;ng điểm ảnh 1,4&micro;m, đi k&egrave;m pixel-binning (kết hợp pixel với nhau) cho ph&eacute;p camera thu được nhiều &aacute;nh s&aacute;ng hơn v&agrave; giảm nhiễu</li>\r\n<li style=\"font-weight: 400;\">M&aacute;y ảnh 12MP Ultra Wide mới với điểm ảnh 1,4 &micro;m pixel, mang lại h&igrave;nh ảnh sắc n&eacute;t hơn với nhiều chi tiết hơn, cải thiện khả năng chụp ảnh macro vốn đ&atilde; mạnh mẽ.</li>\r\n<li style=\"font-weight: 400;\">M&aacute;y ảnh tele cải tiến c&oacute; khả năng zoom quang học 3x.</li>\r\n<li style=\"font-weight: 400;\">Một camera TrueDepth ph&iacute;a trước mới với khẩu độ &fnof; / 1.9 cho ph&eacute;p chụp ảnh v&agrave; quay video trong điều kiện &aacute;nh s&aacute;ng yếu tốt hơn. Sử dụng lấy n&eacute;t tự động lần đầu ti&ecirc;n, n&oacute; c&oacute; thể lấy n&eacute;t nhanh hơn nữa trong điều kiện &aacute;nh s&aacute;ng yếu v&agrave; chụp ảnh nh&oacute;m từ xa hơn.</li>\r\n<li style=\"font-weight: 400;\">Đ&egrave;n flash True Tone th&iacute;ch ứng mới đ&atilde; được thiết kế lại ho&agrave;n to&agrave;n với một d&atilde;y ch&iacute;n đ&egrave;n LED thay đổi kiểu dựa tr&ecirc;n độ d&agrave;i ti&ecirc;u cự đ&atilde; chọn.</li>\r\n<li style=\"font-weight: 400;\">Hỗ trợ chụp ảnh ti&ecirc;n tiến như Chế độ ban đ&ecirc;m, Smart HDR 4, Chế độ ch&acirc;n dung với &Aacute;nh s&aacute;ng ch&acirc;n dung, Chế độ ban đ&ecirc;m Ảnh ch&acirc;n dung, Kiểu chụp ảnh để c&aacute; nh&acirc;n h&oacute;a giao diện của mọi bức ảnh v&agrave; Apple ProRAW.</li>\r\n<li style=\"font-weight: 400;\">Chế độ Action mới cho video tr&ocirc;ng cực kỳ mượt m&agrave; c&oacute; thể giảm độ rung, cho ra những khung h&igrave;nh mượt m&agrave; sống động</li>\r\n<li style=\"font-weight: 400;\">Chế độ Cinematic, hiện c&oacute; sẵn ở 4K ở tốc độ 30 khung h&igrave;nh / gi&acirc;y v&agrave; 4K ở tốc độ 24 khung h&igrave;nh / gi&acirc;y.</li>\r\n<li style=\"font-weight: 400;\">T&iacute;nh năng định dạng video chuy&ecirc;n nghiệp, bao gồm ProRes3 v&agrave; Dolby Vision HDR đầu cuối.</li>\r\n</ul>\r\n<h2>Bộ vi xử l&yacute; A16 cực xịn</h2>\r\n<p style=\"font-weight: 400;\">iPhone 14 Pro Max VN/A sử dụng bộ vi xử l&yacute; Apple A16 Bionic được xử l&yacute; tr&ecirc;n tiến tr&igrave;nh 4nm. Với bộ xử l&yacute; neural 16 nh&acirc;n tr&ecirc;n chip n&agrave;y, b&ecirc;n cạnh bộ xử l&yacute; m&agrave;n h&igrave;nh ho&agrave;n to&agrave;n mới để hỗ trợ đẩy tần số qu&eacute;t xuống 1Hz, xử l&yacute; t&iacute;nh năng always-on v&agrave; gi&uacute;p Dynamic Island hoạt động mượt m&agrave;.Thiết bị c&oacute; RAM 6GB sử dụng c&ocirc;ng nghệ LPDDR5 cải tiến về tốc độ truyền v&agrave; điện năng ti&ecirc;u thụ.</p>\r\n<p style=\"font-weight: 400;\">&nbsp;</p>\r\n<p style=\"font-weight: 400;\"><em>iPhone 14 Pro Max VN/A</em></p>\r\n<h2>T&iacute;nh năng điện thoại vệ tinh</h2>\r\n<p style=\"font-weight: 400;\">Điểm độc đ&aacute;o tr&ecirc;n thế hệ&nbsp;<a href=\"https://hoanghamobile.com/dien-thoai-di-dong/iphone/iphone-14-series\">iPhone 14 Series</a>&nbsp;ch&iacute;nh l&agrave; điện thoại vệ tinh hỗ trợ người d&ugrave;ng trong việc li&ecirc;n lạc bằng c&aacute;ch kết nối với c&aacute;c trạm vệ tinh xoay quanh quỹ đạo m&agrave; kh&ocirc;ng cần s&oacute;ng của nh&agrave; mạng.</p>\r\n<p style=\"font-weight: 400;\">iPhone 14 Pro Max VN/A c&oacute; dung lượng 4.323 mAh &ndash; thấp hơn một ch&uacute;t so với mức 4.352 mAh của 13 Pro Max. Ngo&agrave;i ra, thiết bị được trang bị sạc nhanh với c&ocirc;ng suất 30W, cao hơn đ&aacute;ng kể so với mức sạc 20W cũ.</p>\r\n<p style=\"font-weight: 400;\">iPhone 14 Pro Max VN/A hiện l&agrave; chiếc flagship c&oacute; trọng lượng nặng nhất tr&ecirc;n thị trường với khối lượng 255 gram, cao hơn 15 gram so với thế hệ trước. Người d&ugrave;ng c&oacute; t&ugrave;y chọn c&aacute;c phi&ecirc;n bản dung lượng gồm 128 GB, 256 GB, 512 GB v&agrave; 1TB. Thiết bị sử dụng phần khung titan thay v&igrave; th&eacute;p kh&ocirc;ng gỉ, mang đến một chiếc iPhone mạnh mẽ hơn, nhẹ hơn v&agrave; chống trầy tốt hơn, d&ugrave; l&agrave;m tăng khối lượng.</p>\r\n<p style=\"font-weight: 400;\">iPhone 14 Pro Max VN/A sẽ c&oacute; c&aacute;c lựa chọn m&agrave;u sắc: x&aacute;m than ch&igrave; (Graphite), bạc (Silver), v&agrave;ng (Gold), t&iacute;m (Purple), nhưng kh&ocirc;ng c&oacute; phi&ecirc;n bản m&agrave;u xanh Sierra Blue như năm ngo&aacute;i.</p>',0,1,4,17,'2023-07-11 11:10:46','2023-07-11 21:01:01',NULL),(5,'iPhone 12 (256GB) - Chính hãng VN/A','iphone-12-256gb-chinh-hang-vna','apple-iphone-12-mini-4.png','/storage/product/1/RcH82Jb8FNzrsS1EqXYI.png','15990000','12990000','<p><strong>C&ocirc;ng nghệ m&agrave;n h&igrave;nh::</strong>&nbsp;OLED</p>\r\n<p><strong>Độ ph&acirc;n giải::</strong>&nbsp;2796 x 1290 Pixels</p>\r\n<p><strong>M&agrave;n h&igrave;nh rộng::</strong>&nbsp;6.7\"</p>\r\n<p><strong>Độ ph&acirc;n giải:</strong>&nbsp;Ch&iacute;nh 48 MP &amp; Phụ 12 MP, 12 MP, 12 MP</p>\r\n<p><strong>Hệ điều h&agrave;nh:</strong>&nbsp;iOS 16</p>\r\n<p><strong>Chip xử l&yacute; (CPU):</strong>&nbsp;Apple A16 Bionic 6 nh&acirc;n</p>\r\n<p><strong>Bộ nhớ trong (ROM):</strong>&nbsp;128 GB</p>\r\n<p><strong>RAM:</strong>&nbsp;6 GB</p>\r\n<p><strong>Mạng di động:</strong>&nbsp;Hỗ trợ 5G</p>\r\n<p><strong>Số khe sim:</strong>&nbsp;1 Nano SIM &amp; 1 eSIM</p>\r\n<p><strong>Dung lượng pin:</strong>&nbsp;4323 mAh</p>','<p style=\"font-weight: 400;\">iPhone 14 Pro Max VN/A l&agrave; d&ograve;ng sản phẩm cao cấp nhất nằm trong thế hệ&nbsp;<a href=\"https://hoanghamobile.com/dien-thoai-di-dong/iphone/iphone-14-series\">iPhone 14 Series</a>&nbsp;mới vừa được ra mắt c&ugrave;ng với nhiều n&acirc;ng cấp về ngoại h&igrave;nh v&agrave; t&iacute;nh năng, hứa hẹn sẽ l&agrave; d&ograve;ng sản phẩm đột ph&aacute; trong v&agrave;i năm trở lại đ&acirc;y của Apple.</p>\r\n<p style=\"font-weight: 400;\">&nbsp;</p>\r\n<p style=\"font-weight: 400;\"><em>iPhone 14 Pro Max VN/A</em></p>\r\n<h2>Ph&aacute; vỡ thiết kế notch cổ điển</h2>\r\n<p style=\"font-weight: 400;\">Chiếc iPhone 14 Pro Max VN/A sở hữu m&agrave;n h&igrave;nh Super Retina XDR mới với ProMotion c&oacute; k&iacute;ch thước 6.7 inch. Tần số qu&eacute;t m&agrave;n h&igrave;nh sẽ giảm xuống 1 Hz để tiết kiệm pin, trong khi h&igrave;nh nền được l&agrave;m mờ. M&agrave;n h&igrave;nh ti&ecirc;n tiến cũng mang lại mức độ s&aacute;ng HDR cao nhất tương tự như Pro Display XDR v&agrave; ​​độ s&aacute;ng đỉnh ngo&agrave;i trời cao nhất trong điện thoại th&ocirc;ng minh: l&ecirc;n đến 2000 nits, s&aacute;ng gấp đ&ocirc;i so với người tiền nhiệm.</p>\r\n<p style=\"font-weight: 400;\">M&agrave;n h&igrave;nh trước l&agrave;m từ chất liệu Ceramic Shield - cứng hơn bất kỳ loại k&iacute;nh điện thoại th&ocirc;ng minh n&agrave;o - v&agrave; được bảo vệ khỏi c&aacute;c sự cố tr&agrave;n v&agrave; tai nạn th&ocirc;ng thường với khả năng chống nước v&agrave; bụi.</p>\r\n<p style=\"font-weight: 400;\">M&agrave;n h&igrave;nh Dynamic Island mới tr&ecirc;n d&ograve;ng iPhone 14 Pro được coi l&agrave; &yacute; tưởng thiết kế s&aacute;ng tạo, đem đến trải nghiệm độc đ&aacute;o. Apple đ&atilde; thay thế phần notch tr&ecirc;n d&ograve;ng sản phẩm &zwnj;iPhone 14 Pro&zwnj; bằng lỗ khuyết vi&ecirc;n thuốc v&agrave; đục lỗ. Một chi tiết mới quan trọng của việc thay thế notch xuất hiện trong tuần n&agrave;y l&agrave; khi thiết bị được sử dụng, c&aacute;c lỗ h&igrave;nh vi&ecirc;n thuốc v&agrave; lỗ đục lỗ sẽ hợp nhất bằng kỹ thuật số th&agrave;nh h&igrave;nh chữ i d&agrave;i hơn. Phần cắt n&agrave;y được Apple d&ugrave;ng để hiển thị th&ocirc;ng tin như c&aacute;c th&ocirc;ng b&aacute;o về quyền ri&ecirc;ng tư của iOS v&agrave; cụm cảm biến cho FaceID</p>\r\n<p style=\"font-weight: 400;\">Ngo&agrave;i ra, iPhone 14 Pro Max VN/A c&ograve;n c&oacute; t&iacute;nh năng Always On Display hay m&agrave;n h&igrave;nh lu&ocirc;n bật, đ&acirc;y l&agrave; một trong những t&iacute;nh năng kh&aacute; th&uacute; vị tr&ecirc;n c&aacute;c d&ograve;ng điện thoại hiện nay. T&iacute;nh năng n&agrave;y kh&ocirc;ng chỉ gi&uacute;p bạn nhận được th&ocirc;ng b&aacute;o từ c&aacute;c ứng dụng như đồng hồ, lịch, tin nhắn, cuộc gọi nhỡ, ứng dụng,... kể cả khi m&agrave;n h&igrave;nh điện thoại đ&atilde; tắt m&agrave; c&ograve;n gi&uacute;p điện thoại tiết kiệm pin đ&aacute;ng kể.</p>\r\n<h2>N&acirc;ng cấp đ&aacute;ng kể về camera</h2>\r\n<p style=\"font-weight: 400;\">Một trong những n&acirc;ng cấp m&agrave; người d&ugrave;ng tr&ocirc;ng đợi nhất từ d&ograve;ng iPhone 14 đ&oacute; ch&iacute;nh l&agrave; camera. Sau nhiều năm camera dặm ch&acirc;n ở con số 12MP, độ ph&acirc;n giải camera ch&iacute;nh của iPhone 14 Pro Max VN/A đ&atilde; được n&acirc;ng cấp l&ecirc;n th&agrave;nh 48MP c&ugrave;ng điểm ảnh 1,4&micro;m. Sự n&acirc;ng cấp n&agrave;y cho ph&eacute;p camera thu được nhiều &aacute;nh s&aacute;ng hơn khi chụp ảnh trong điều kiện &aacute;nh s&aacute;ng yếu.</p>\r\n<p style=\"font-weight: 400;\">&nbsp;</p>\r\n<p style=\"font-weight: 400;\"><em>iPhone 14 Pro Max VN/A c&oacute; n&acirc;ng cấp đ&aacute;ng kể về camera</em></p>\r\n<p style=\"font-weight: 400;\">&nbsp;</p>\r\n<p style=\"font-weight: 400;\">Ngo&agrave;i ra, điện thoại c&ograve;n hỗ trợ quay video 8K (ở tốc độ l&ecirc;n đến 60 khung h&igrave;nh/gi&acirc;y), kh&ocirc;ng chỉ đem lại h&igrave;nh ảnh sắc n&eacute;t hơn (như tăng chất lượng tr&ecirc;n video YouTube) m&agrave; c&ograve;n cho ph&eacute;p c&aacute;c nh&agrave; l&agrave;m phim cắt, ổn định v&agrave; điều chỉnh lại cảnh quay sau khi n&oacute; được quay.</p>\r\n<ul>\r\n<li style=\"font-weight: 400;\">M&aacute;y ảnh ch&iacute;nh được n&acirc;ng cấp l&ecirc;n th&agrave;nh 48MP c&ugrave;ng điểm ảnh 1,4&micro;m, đi k&egrave;m pixel-binning (kết hợp pixel với nhau) cho ph&eacute;p camera thu được nhiều &aacute;nh s&aacute;ng hơn v&agrave; giảm nhiễu</li>\r\n<li style=\"font-weight: 400;\">M&aacute;y ảnh 12MP Ultra Wide mới với điểm ảnh 1,4 &micro;m pixel, mang lại h&igrave;nh ảnh sắc n&eacute;t hơn với nhiều chi tiết hơn, cải thiện khả năng chụp ảnh macro vốn đ&atilde; mạnh mẽ.</li>\r\n<li style=\"font-weight: 400;\">M&aacute;y ảnh tele cải tiến c&oacute; khả năng zoom quang học 3x.</li>\r\n<li style=\"font-weight: 400;\">Một camera TrueDepth ph&iacute;a trước mới với khẩu độ &fnof; / 1.9 cho ph&eacute;p chụp ảnh v&agrave; quay video trong điều kiện &aacute;nh s&aacute;ng yếu tốt hơn. Sử dụng lấy n&eacute;t tự động lần đầu ti&ecirc;n, n&oacute; c&oacute; thể lấy n&eacute;t nhanh hơn nữa trong điều kiện &aacute;nh s&aacute;ng yếu v&agrave; chụp ảnh nh&oacute;m từ xa hơn.</li>\r\n<li style=\"font-weight: 400;\">Đ&egrave;n flash True Tone th&iacute;ch ứng mới đ&atilde; được thiết kế lại ho&agrave;n to&agrave;n với một d&atilde;y ch&iacute;n đ&egrave;n LED thay đổi kiểu dựa tr&ecirc;n độ d&agrave;i ti&ecirc;u cự đ&atilde; chọn.</li>\r\n<li style=\"font-weight: 400;\">Hỗ trợ chụp ảnh ti&ecirc;n tiến như Chế độ ban đ&ecirc;m, Smart HDR 4, Chế độ ch&acirc;n dung với &Aacute;nh s&aacute;ng ch&acirc;n dung, Chế độ ban đ&ecirc;m Ảnh ch&acirc;n dung, Kiểu chụp ảnh để c&aacute; nh&acirc;n h&oacute;a giao diện của mọi bức ảnh v&agrave; Apple ProRAW.</li>\r\n<li style=\"font-weight: 400;\">Chế độ Action mới cho video tr&ocirc;ng cực kỳ mượt m&agrave; c&oacute; thể giảm độ rung, cho ra những khung h&igrave;nh mượt m&agrave; sống động</li>\r\n<li style=\"font-weight: 400;\">Chế độ Cinematic, hiện c&oacute; sẵn ở 4K ở tốc độ 30 khung h&igrave;nh / gi&acirc;y v&agrave; 4K ở tốc độ 24 khung h&igrave;nh / gi&acirc;y.</li>\r\n<li style=\"font-weight: 400;\">T&iacute;nh năng định dạng video chuy&ecirc;n nghiệp, bao gồm ProRes3 v&agrave; Dolby Vision HDR đầu cuối.</li>\r\n</ul>\r\n<h2>Bộ vi xử l&yacute; A16 cực xịn</h2>\r\n<p style=\"font-weight: 400;\">iPhone 14 Pro Max VN/A sử dụng bộ vi xử l&yacute; Apple A16 Bionic được xử l&yacute; tr&ecirc;n tiến tr&igrave;nh 4nm. Với bộ xử l&yacute; neural 16 nh&acirc;n tr&ecirc;n chip n&agrave;y, b&ecirc;n cạnh bộ xử l&yacute; m&agrave;n h&igrave;nh ho&agrave;n to&agrave;n mới để hỗ trợ đẩy tần số qu&eacute;t xuống 1Hz, xử l&yacute; t&iacute;nh năng always-on v&agrave; gi&uacute;p Dynamic Island hoạt động mượt m&agrave;.Thiết bị c&oacute; RAM 6GB sử dụng c&ocirc;ng nghệ LPDDR5 cải tiến về tốc độ truyền v&agrave; điện năng ti&ecirc;u thụ.</p>\r\n<p style=\"font-weight: 400;\">&nbsp;</p>\r\n<p style=\"font-weight: 400;\"><em>iPhone 14 Pro Max VN/A</em></p>\r\n<h2>T&iacute;nh năng điện thoại vệ tinh</h2>\r\n<p style=\"font-weight: 400;\">Điểm độc đ&aacute;o tr&ecirc;n thế hệ&nbsp;<a href=\"https://hoanghamobile.com/dien-thoai-di-dong/iphone/iphone-14-series\">iPhone 14 Series</a>&nbsp;ch&iacute;nh l&agrave; điện thoại vệ tinh hỗ trợ người d&ugrave;ng trong việc li&ecirc;n lạc bằng c&aacute;ch kết nối với c&aacute;c trạm vệ tinh xoay quanh quỹ đạo m&agrave; kh&ocirc;ng cần s&oacute;ng của nh&agrave; mạng.</p>\r\n<p style=\"font-weight: 400;\">iPhone 14 Pro Max VN/A c&oacute; dung lượng 4.323 mAh &ndash; thấp hơn một ch&uacute;t so với mức 4.352 mAh của 13 Pro Max. Ngo&agrave;i ra, thiết bị được trang bị sạc nhanh với c&ocirc;ng suất 30W, cao hơn đ&aacute;ng kể so với mức sạc 20W cũ.</p>\r\n<p style=\"font-weight: 400;\">iPhone 14 Pro Max VN/A hiện l&agrave; chiếc flagship c&oacute; trọng lượng nặng nhất tr&ecirc;n thị trường với khối lượng 255 gram, cao hơn 15 gram so với thế hệ trước. Người d&ugrave;ng c&oacute; t&ugrave;y chọn c&aacute;c phi&ecirc;n bản dung lượng gồm 128 GB, 256 GB, 512 GB v&agrave; 1TB. Thiết bị sử dụng phần khung titan thay v&igrave; th&eacute;p kh&ocirc;ng gỉ, mang đến một chiếc iPhone mạnh mẽ hơn, nhẹ hơn v&agrave; chống trầy tốt hơn, d&ugrave; l&agrave;m tăng khối lượng.</p>\r\n<p style=\"font-weight: 400;\">iPhone 14 Pro Max VN/A sẽ c&oacute; c&aacute;c lựa chọn m&agrave;u sắc: x&aacute;m than ch&igrave; (Graphite), bạc (Silver), v&agrave;ng (Gold), t&iacute;m (Purple), nhưng kh&ocirc;ng c&oacute; phi&ecirc;n bản m&agrave;u xanh Sierra Blue như năm ngo&aacute;i.</p>',1,1,4,20,'2023-07-11 11:11:00','2023-07-11 11:11:00',NULL),(6,'iPhone 12 (256GB) - Chính hãng VN/A','iphone-12-256gb-chinh-hang-vna','iphone%2011%20(2).png','/storage/product/1/MYJTkYD8nVJz5PDSTul4.png','15990000','12990000','<p><strong>C&ocirc;ng nghệ m&agrave;n h&igrave;nh::</strong>&nbsp;OLED</p>\r\n<p><strong>Độ ph&acirc;n giải::</strong>&nbsp;2796 x 1290 Pixels</p>\r\n<p><strong>M&agrave;n h&igrave;nh rộng::</strong>&nbsp;6.7\"</p>\r\n<p><strong>Độ ph&acirc;n giải:</strong>&nbsp;Ch&iacute;nh 48 MP &amp; Phụ 12 MP, 12 MP, 12 MP</p>\r\n<p><strong>Hệ điều h&agrave;nh:</strong>&nbsp;iOS 16</p>\r\n<p><strong>Chip xử l&yacute; (CPU):</strong>&nbsp;Apple A16 Bionic 6 nh&acirc;n</p>\r\n<p><strong>Bộ nhớ trong (ROM):</strong>&nbsp;128 GB</p>\r\n<p><strong>RAM:</strong>&nbsp;6 GB</p>\r\n<p><strong>Mạng di động:</strong>&nbsp;Hỗ trợ 5G</p>\r\n<p><strong>Số khe sim:</strong>&nbsp;1 Nano SIM &amp; 1 eSIM</p>\r\n<p><strong>Dung lượng pin:</strong>&nbsp;4323 mAh</p>','<p style=\"font-weight: 400;\">iPhone 14 Pro Max VN/A l&agrave; d&ograve;ng sản phẩm cao cấp nhất nằm trong thế hệ&nbsp;<a href=\"https://hoanghamobile.com/dien-thoai-di-dong/iphone/iphone-14-series\">iPhone 14 Series</a>&nbsp;mới vừa được ra mắt c&ugrave;ng với nhiều n&acirc;ng cấp về ngoại h&igrave;nh v&agrave; t&iacute;nh năng, hứa hẹn sẽ l&agrave; d&ograve;ng sản phẩm đột ph&aacute; trong v&agrave;i năm trở lại đ&acirc;y của Apple.</p>\r\n<p style=\"font-weight: 400;\">&nbsp;</p>\r\n<p style=\"font-weight: 400;\"><em>iPhone 14 Pro Max VN/A</em></p>\r\n<h2>Ph&aacute; vỡ thiết kế notch cổ điển</h2>\r\n<p style=\"font-weight: 400;\">Chiếc iPhone 14 Pro Max VN/A sở hữu m&agrave;n h&igrave;nh Super Retina XDR mới với ProMotion c&oacute; k&iacute;ch thước 6.7 inch. Tần số qu&eacute;t m&agrave;n h&igrave;nh sẽ giảm xuống 1 Hz để tiết kiệm pin, trong khi h&igrave;nh nền được l&agrave;m mờ. M&agrave;n h&igrave;nh ti&ecirc;n tiến cũng mang lại mức độ s&aacute;ng HDR cao nhất tương tự như Pro Display XDR v&agrave; ​​độ s&aacute;ng đỉnh ngo&agrave;i trời cao nhất trong điện thoại th&ocirc;ng minh: l&ecirc;n đến 2000 nits, s&aacute;ng gấp đ&ocirc;i so với người tiền nhiệm.</p>\r\n<p style=\"font-weight: 400;\">M&agrave;n h&igrave;nh trước l&agrave;m từ chất liệu Ceramic Shield - cứng hơn bất kỳ loại k&iacute;nh điện thoại th&ocirc;ng minh n&agrave;o - v&agrave; được bảo vệ khỏi c&aacute;c sự cố tr&agrave;n v&agrave; tai nạn th&ocirc;ng thường với khả năng chống nước v&agrave; bụi.</p>\r\n<p style=\"font-weight: 400;\">M&agrave;n h&igrave;nh Dynamic Island mới tr&ecirc;n d&ograve;ng iPhone 14 Pro được coi l&agrave; &yacute; tưởng thiết kế s&aacute;ng tạo, đem đến trải nghiệm độc đ&aacute;o. Apple đ&atilde; thay thế phần notch tr&ecirc;n d&ograve;ng sản phẩm &zwnj;iPhone 14 Pro&zwnj; bằng lỗ khuyết vi&ecirc;n thuốc v&agrave; đục lỗ. Một chi tiết mới quan trọng của việc thay thế notch xuất hiện trong tuần n&agrave;y l&agrave; khi thiết bị được sử dụng, c&aacute;c lỗ h&igrave;nh vi&ecirc;n thuốc v&agrave; lỗ đục lỗ sẽ hợp nhất bằng kỹ thuật số th&agrave;nh h&igrave;nh chữ i d&agrave;i hơn. Phần cắt n&agrave;y được Apple d&ugrave;ng để hiển thị th&ocirc;ng tin như c&aacute;c th&ocirc;ng b&aacute;o về quyền ri&ecirc;ng tư của iOS v&agrave; cụm cảm biến cho FaceID</p>\r\n<p style=\"font-weight: 400;\">Ngo&agrave;i ra, iPhone 14 Pro Max VN/A c&ograve;n c&oacute; t&iacute;nh năng Always On Display hay m&agrave;n h&igrave;nh lu&ocirc;n bật, đ&acirc;y l&agrave; một trong những t&iacute;nh năng kh&aacute; th&uacute; vị tr&ecirc;n c&aacute;c d&ograve;ng điện thoại hiện nay. T&iacute;nh năng n&agrave;y kh&ocirc;ng chỉ gi&uacute;p bạn nhận được th&ocirc;ng b&aacute;o từ c&aacute;c ứng dụng như đồng hồ, lịch, tin nhắn, cuộc gọi nhỡ, ứng dụng,... kể cả khi m&agrave;n h&igrave;nh điện thoại đ&atilde; tắt m&agrave; c&ograve;n gi&uacute;p điện thoại tiết kiệm pin đ&aacute;ng kể.</p>\r\n<h2>N&acirc;ng cấp đ&aacute;ng kể về camera</h2>\r\n<p style=\"font-weight: 400;\">Một trong những n&acirc;ng cấp m&agrave; người d&ugrave;ng tr&ocirc;ng đợi nhất từ d&ograve;ng iPhone 14 đ&oacute; ch&iacute;nh l&agrave; camera. Sau nhiều năm camera dặm ch&acirc;n ở con số 12MP, độ ph&acirc;n giải camera ch&iacute;nh của iPhone 14 Pro Max VN/A đ&atilde; được n&acirc;ng cấp l&ecirc;n th&agrave;nh 48MP c&ugrave;ng điểm ảnh 1,4&micro;m. Sự n&acirc;ng cấp n&agrave;y cho ph&eacute;p camera thu được nhiều &aacute;nh s&aacute;ng hơn khi chụp ảnh trong điều kiện &aacute;nh s&aacute;ng yếu.</p>\r\n<p style=\"font-weight: 400;\">&nbsp;</p>\r\n<p style=\"font-weight: 400;\"><em>iPhone 14 Pro Max VN/A c&oacute; n&acirc;ng cấp đ&aacute;ng kể về camera</em></p>\r\n<p style=\"font-weight: 400;\">&nbsp;</p>\r\n<p style=\"font-weight: 400;\">Ngo&agrave;i ra, điện thoại c&ograve;n hỗ trợ quay video 8K (ở tốc độ l&ecirc;n đến 60 khung h&igrave;nh/gi&acirc;y), kh&ocirc;ng chỉ đem lại h&igrave;nh ảnh sắc n&eacute;t hơn (như tăng chất lượng tr&ecirc;n video YouTube) m&agrave; c&ograve;n cho ph&eacute;p c&aacute;c nh&agrave; l&agrave;m phim cắt, ổn định v&agrave; điều chỉnh lại cảnh quay sau khi n&oacute; được quay.</p>\r\n<ul>\r\n<li style=\"font-weight: 400;\">M&aacute;y ảnh ch&iacute;nh được n&acirc;ng cấp l&ecirc;n th&agrave;nh 48MP c&ugrave;ng điểm ảnh 1,4&micro;m, đi k&egrave;m pixel-binning (kết hợp pixel với nhau) cho ph&eacute;p camera thu được nhiều &aacute;nh s&aacute;ng hơn v&agrave; giảm nhiễu</li>\r\n<li style=\"font-weight: 400;\">M&aacute;y ảnh 12MP Ultra Wide mới với điểm ảnh 1,4 &micro;m pixel, mang lại h&igrave;nh ảnh sắc n&eacute;t hơn với nhiều chi tiết hơn, cải thiện khả năng chụp ảnh macro vốn đ&atilde; mạnh mẽ.</li>\r\n<li style=\"font-weight: 400;\">M&aacute;y ảnh tele cải tiến c&oacute; khả năng zoom quang học 3x.</li>\r\n<li style=\"font-weight: 400;\">Một camera TrueDepth ph&iacute;a trước mới với khẩu độ &fnof; / 1.9 cho ph&eacute;p chụp ảnh v&agrave; quay video trong điều kiện &aacute;nh s&aacute;ng yếu tốt hơn. Sử dụng lấy n&eacute;t tự động lần đầu ti&ecirc;n, n&oacute; c&oacute; thể lấy n&eacute;t nhanh hơn nữa trong điều kiện &aacute;nh s&aacute;ng yếu v&agrave; chụp ảnh nh&oacute;m từ xa hơn.</li>\r\n<li style=\"font-weight: 400;\">Đ&egrave;n flash True Tone th&iacute;ch ứng mới đ&atilde; được thiết kế lại ho&agrave;n to&agrave;n với một d&atilde;y ch&iacute;n đ&egrave;n LED thay đổi kiểu dựa tr&ecirc;n độ d&agrave;i ti&ecirc;u cự đ&atilde; chọn.</li>\r\n<li style=\"font-weight: 400;\">Hỗ trợ chụp ảnh ti&ecirc;n tiến như Chế độ ban đ&ecirc;m, Smart HDR 4, Chế độ ch&acirc;n dung với &Aacute;nh s&aacute;ng ch&acirc;n dung, Chế độ ban đ&ecirc;m Ảnh ch&acirc;n dung, Kiểu chụp ảnh để c&aacute; nh&acirc;n h&oacute;a giao diện của mọi bức ảnh v&agrave; Apple ProRAW.</li>\r\n<li style=\"font-weight: 400;\">Chế độ Action mới cho video tr&ocirc;ng cực kỳ mượt m&agrave; c&oacute; thể giảm độ rung, cho ra những khung h&igrave;nh mượt m&agrave; sống động</li>\r\n<li style=\"font-weight: 400;\">Chế độ Cinematic, hiện c&oacute; sẵn ở 4K ở tốc độ 30 khung h&igrave;nh / gi&acirc;y v&agrave; 4K ở tốc độ 24 khung h&igrave;nh / gi&acirc;y.</li>\r\n<li style=\"font-weight: 400;\">T&iacute;nh năng định dạng video chuy&ecirc;n nghiệp, bao gồm ProRes3 v&agrave; Dolby Vision HDR đầu cuối.</li>\r\n</ul>\r\n<h2>Bộ vi xử l&yacute; A16 cực xịn</h2>\r\n<p style=\"font-weight: 400;\">iPhone 14 Pro Max VN/A sử dụng bộ vi xử l&yacute; Apple A16 Bionic được xử l&yacute; tr&ecirc;n tiến tr&igrave;nh 4nm. Với bộ xử l&yacute; neural 16 nh&acirc;n tr&ecirc;n chip n&agrave;y, b&ecirc;n cạnh bộ xử l&yacute; m&agrave;n h&igrave;nh ho&agrave;n to&agrave;n mới để hỗ trợ đẩy tần số qu&eacute;t xuống 1Hz, xử l&yacute; t&iacute;nh năng always-on v&agrave; gi&uacute;p Dynamic Island hoạt động mượt m&agrave;.Thiết bị c&oacute; RAM 6GB sử dụng c&ocirc;ng nghệ LPDDR5 cải tiến về tốc độ truyền v&agrave; điện năng ti&ecirc;u thụ.</p>\r\n<p style=\"font-weight: 400;\">&nbsp;</p>\r\n<p style=\"font-weight: 400;\"><em>iPhone 14 Pro Max VN/A</em></p>\r\n<h2>T&iacute;nh năng điện thoại vệ tinh</h2>\r\n<p style=\"font-weight: 400;\">Điểm độc đ&aacute;o tr&ecirc;n thế hệ&nbsp;<a href=\"https://hoanghamobile.com/dien-thoai-di-dong/iphone/iphone-14-series\">iPhone 14 Series</a>&nbsp;ch&iacute;nh l&agrave; điện thoại vệ tinh hỗ trợ người d&ugrave;ng trong việc li&ecirc;n lạc bằng c&aacute;ch kết nối với c&aacute;c trạm vệ tinh xoay quanh quỹ đạo m&agrave; kh&ocirc;ng cần s&oacute;ng của nh&agrave; mạng.</p>\r\n<p style=\"font-weight: 400;\">iPhone 14 Pro Max VN/A c&oacute; dung lượng 4.323 mAh &ndash; thấp hơn một ch&uacute;t so với mức 4.352 mAh của 13 Pro Max. Ngo&agrave;i ra, thiết bị được trang bị sạc nhanh với c&ocirc;ng suất 30W, cao hơn đ&aacute;ng kể so với mức sạc 20W cũ.</p>\r\n<p style=\"font-weight: 400;\">iPhone 14 Pro Max VN/A hiện l&agrave; chiếc flagship c&oacute; trọng lượng nặng nhất tr&ecirc;n thị trường với khối lượng 255 gram, cao hơn 15 gram so với thế hệ trước. Người d&ugrave;ng c&oacute; t&ugrave;y chọn c&aacute;c phi&ecirc;n bản dung lượng gồm 128 GB, 256 GB, 512 GB v&agrave; 1TB. Thiết bị sử dụng phần khung titan thay v&igrave; th&eacute;p kh&ocirc;ng gỉ, mang đến một chiếc iPhone mạnh mẽ hơn, nhẹ hơn v&agrave; chống trầy tốt hơn, d&ugrave; l&agrave;m tăng khối lượng.</p>\r\n<p style=\"font-weight: 400;\">iPhone 14 Pro Max VN/A sẽ c&oacute; c&aacute;c lựa chọn m&agrave;u sắc: x&aacute;m than ch&igrave; (Graphite), bạc (Silver), v&agrave;ng (Gold), t&iacute;m (Purple), nhưng kh&ocirc;ng c&oacute; phi&ecirc;n bản m&agrave;u xanh Sierra Blue như năm ngo&aacute;i.</p>',1,1,4,20,'2023-07-11 11:11:37','2023-07-11 11:11:37',NULL),(7,'iPhone 12 (128GB) - Chính hãng VN/A','iphone-12-128gb-chinh-hang-vna','iphone%2011%20(9) (1).png','/storage/product/1/YaEqZsYBOplTxQKCr8ag.png','15990000','12990000','<p><strong>C&ocirc;ng nghệ m&agrave;n h&igrave;nh::</strong>&nbsp;OLED</p>\r\n<p><strong>Độ ph&acirc;n giải::</strong>&nbsp;2796 x 1290 Pixels</p>\r\n<p><strong>M&agrave;n h&igrave;nh rộng::</strong>&nbsp;6.7\"</p>\r\n<p><strong>Độ ph&acirc;n giải:</strong>&nbsp;Ch&iacute;nh 48 MP &amp; Phụ 12 MP, 12 MP, 12 MP</p>\r\n<p><strong>Hệ điều h&agrave;nh:</strong>&nbsp;iOS 16</p>\r\n<p><strong>Chip xử l&yacute; (CPU):</strong>&nbsp;Apple A16 Bionic 6 nh&acirc;n</p>\r\n<p><strong>Bộ nhớ trong (ROM):</strong>&nbsp;128 GB</p>\r\n<p><strong>RAM:</strong>&nbsp;6 GB</p>\r\n<p><strong>Mạng di động:</strong>&nbsp;Hỗ trợ 5G</p>\r\n<p><strong>Số khe sim:</strong>&nbsp;1 Nano SIM &amp; 1 eSIM</p>\r\n<p><strong>Dung lượng pin:</strong>&nbsp;4323 mAh</p>','<p style=\"font-weight: 400;\">iPhone 14 Pro Max VN/A l&agrave; d&ograve;ng sản phẩm cao cấp nhất nằm trong thế hệ&nbsp;<a href=\"https://hoanghamobile.com/dien-thoai-di-dong/iphone/iphone-14-series\">iPhone 14 Series</a>&nbsp;mới vừa được ra mắt c&ugrave;ng với nhiều n&acirc;ng cấp về ngoại h&igrave;nh v&agrave; t&iacute;nh năng, hứa hẹn sẽ l&agrave; d&ograve;ng sản phẩm đột ph&aacute; trong v&agrave;i năm trở lại đ&acirc;y của Apple.</p>\r\n<p style=\"font-weight: 400;\">&nbsp;</p>\r\n<p style=\"font-weight: 400;\"><em>iPhone 14 Pro Max VN/A</em></p>\r\n<h2>Ph&aacute; vỡ thiết kế notch cổ điển</h2>\r\n<p style=\"font-weight: 400;\">Chiếc iPhone 14 Pro Max VN/A sở hữu m&agrave;n h&igrave;nh Super Retina XDR mới với ProMotion c&oacute; k&iacute;ch thước 6.7 inch. Tần số qu&eacute;t m&agrave;n h&igrave;nh sẽ giảm xuống 1 Hz để tiết kiệm pin, trong khi h&igrave;nh nền được l&agrave;m mờ. M&agrave;n h&igrave;nh ti&ecirc;n tiến cũng mang lại mức độ s&aacute;ng HDR cao nhất tương tự như Pro Display XDR v&agrave; ​​độ s&aacute;ng đỉnh ngo&agrave;i trời cao nhất trong điện thoại th&ocirc;ng minh: l&ecirc;n đến 2000 nits, s&aacute;ng gấp đ&ocirc;i so với người tiền nhiệm.</p>\r\n<p style=\"font-weight: 400;\">M&agrave;n h&igrave;nh trước l&agrave;m từ chất liệu Ceramic Shield - cứng hơn bất kỳ loại k&iacute;nh điện thoại th&ocirc;ng minh n&agrave;o - v&agrave; được bảo vệ khỏi c&aacute;c sự cố tr&agrave;n v&agrave; tai nạn th&ocirc;ng thường với khả năng chống nước v&agrave; bụi.</p>\r\n<p style=\"font-weight: 400;\">M&agrave;n h&igrave;nh Dynamic Island mới tr&ecirc;n d&ograve;ng iPhone 14 Pro được coi l&agrave; &yacute; tưởng thiết kế s&aacute;ng tạo, đem đến trải nghiệm độc đ&aacute;o. Apple đ&atilde; thay thế phần notch tr&ecirc;n d&ograve;ng sản phẩm &zwnj;iPhone 14 Pro&zwnj; bằng lỗ khuyết vi&ecirc;n thuốc v&agrave; đục lỗ. Một chi tiết mới quan trọng của việc thay thế notch xuất hiện trong tuần n&agrave;y l&agrave; khi thiết bị được sử dụng, c&aacute;c lỗ h&igrave;nh vi&ecirc;n thuốc v&agrave; lỗ đục lỗ sẽ hợp nhất bằng kỹ thuật số th&agrave;nh h&igrave;nh chữ i d&agrave;i hơn. Phần cắt n&agrave;y được Apple d&ugrave;ng để hiển thị th&ocirc;ng tin như c&aacute;c th&ocirc;ng b&aacute;o về quyền ri&ecirc;ng tư của iOS v&agrave; cụm cảm biến cho FaceID</p>\r\n<p style=\"font-weight: 400;\">Ngo&agrave;i ra, iPhone 14 Pro Max VN/A c&ograve;n c&oacute; t&iacute;nh năng Always On Display hay m&agrave;n h&igrave;nh lu&ocirc;n bật, đ&acirc;y l&agrave; một trong những t&iacute;nh năng kh&aacute; th&uacute; vị tr&ecirc;n c&aacute;c d&ograve;ng điện thoại hiện nay. T&iacute;nh năng n&agrave;y kh&ocirc;ng chỉ gi&uacute;p bạn nhận được th&ocirc;ng b&aacute;o từ c&aacute;c ứng dụng như đồng hồ, lịch, tin nhắn, cuộc gọi nhỡ, ứng dụng,... kể cả khi m&agrave;n h&igrave;nh điện thoại đ&atilde; tắt m&agrave; c&ograve;n gi&uacute;p điện thoại tiết kiệm pin đ&aacute;ng kể.</p>\r\n<h2>N&acirc;ng cấp đ&aacute;ng kể về camera</h2>\r\n<p style=\"font-weight: 400;\">Một trong những n&acirc;ng cấp m&agrave; người d&ugrave;ng tr&ocirc;ng đợi nhất từ d&ograve;ng iPhone 14 đ&oacute; ch&iacute;nh l&agrave; camera. Sau nhiều năm camera dặm ch&acirc;n ở con số 12MP, độ ph&acirc;n giải camera ch&iacute;nh của iPhone 14 Pro Max VN/A đ&atilde; được n&acirc;ng cấp l&ecirc;n th&agrave;nh 48MP c&ugrave;ng điểm ảnh 1,4&micro;m. Sự n&acirc;ng cấp n&agrave;y cho ph&eacute;p camera thu được nhiều &aacute;nh s&aacute;ng hơn khi chụp ảnh trong điều kiện &aacute;nh s&aacute;ng yếu.</p>\r\n<p style=\"font-weight: 400;\">&nbsp;</p>\r\n<p style=\"font-weight: 400;\"><em>iPhone 14 Pro Max VN/A c&oacute; n&acirc;ng cấp đ&aacute;ng kể về camera</em></p>\r\n<p style=\"font-weight: 400;\">&nbsp;</p>\r\n<p style=\"font-weight: 400;\">Ngo&agrave;i ra, điện thoại c&ograve;n hỗ trợ quay video 8K (ở tốc độ l&ecirc;n đến 60 khung h&igrave;nh/gi&acirc;y), kh&ocirc;ng chỉ đem lại h&igrave;nh ảnh sắc n&eacute;t hơn (như tăng chất lượng tr&ecirc;n video YouTube) m&agrave; c&ograve;n cho ph&eacute;p c&aacute;c nh&agrave; l&agrave;m phim cắt, ổn định v&agrave; điều chỉnh lại cảnh quay sau khi n&oacute; được quay.</p>\r\n<ul>\r\n<li style=\"font-weight: 400;\">M&aacute;y ảnh ch&iacute;nh được n&acirc;ng cấp l&ecirc;n th&agrave;nh 48MP c&ugrave;ng điểm ảnh 1,4&micro;m, đi k&egrave;m pixel-binning (kết hợp pixel với nhau) cho ph&eacute;p camera thu được nhiều &aacute;nh s&aacute;ng hơn v&agrave; giảm nhiễu</li>\r\n<li style=\"font-weight: 400;\">M&aacute;y ảnh 12MP Ultra Wide mới với điểm ảnh 1,4 &micro;m pixel, mang lại h&igrave;nh ảnh sắc n&eacute;t hơn với nhiều chi tiết hơn, cải thiện khả năng chụp ảnh macro vốn đ&atilde; mạnh mẽ.</li>\r\n<li style=\"font-weight: 400;\">M&aacute;y ảnh tele cải tiến c&oacute; khả năng zoom quang học 3x.</li>\r\n<li style=\"font-weight: 400;\">Một camera TrueDepth ph&iacute;a trước mới với khẩu độ &fnof; / 1.9 cho ph&eacute;p chụp ảnh v&agrave; quay video trong điều kiện &aacute;nh s&aacute;ng yếu tốt hơn. Sử dụng lấy n&eacute;t tự động lần đầu ti&ecirc;n, n&oacute; c&oacute; thể lấy n&eacute;t nhanh hơn nữa trong điều kiện &aacute;nh s&aacute;ng yếu v&agrave; chụp ảnh nh&oacute;m từ xa hơn.</li>\r\n<li style=\"font-weight: 400;\">Đ&egrave;n flash True Tone th&iacute;ch ứng mới đ&atilde; được thiết kế lại ho&agrave;n to&agrave;n với một d&atilde;y ch&iacute;n đ&egrave;n LED thay đổi kiểu dựa tr&ecirc;n độ d&agrave;i ti&ecirc;u cự đ&atilde; chọn.</li>\r\n<li style=\"font-weight: 400;\">Hỗ trợ chụp ảnh ti&ecirc;n tiến như Chế độ ban đ&ecirc;m, Smart HDR 4, Chế độ ch&acirc;n dung với &Aacute;nh s&aacute;ng ch&acirc;n dung, Chế độ ban đ&ecirc;m Ảnh ch&acirc;n dung, Kiểu chụp ảnh để c&aacute; nh&acirc;n h&oacute;a giao diện của mọi bức ảnh v&agrave; Apple ProRAW.</li>\r\n<li style=\"font-weight: 400;\">Chế độ Action mới cho video tr&ocirc;ng cực kỳ mượt m&agrave; c&oacute; thể giảm độ rung, cho ra những khung h&igrave;nh mượt m&agrave; sống động</li>\r\n<li style=\"font-weight: 400;\">Chế độ Cinematic, hiện c&oacute; sẵn ở 4K ở tốc độ 30 khung h&igrave;nh / gi&acirc;y v&agrave; 4K ở tốc độ 24 khung h&igrave;nh / gi&acirc;y.</li>\r\n<li style=\"font-weight: 400;\">T&iacute;nh năng định dạng video chuy&ecirc;n nghiệp, bao gồm ProRes3 v&agrave; Dolby Vision HDR đầu cuối.</li>\r\n</ul>\r\n<h2>Bộ vi xử l&yacute; A16 cực xịn</h2>\r\n<p style=\"font-weight: 400;\">iPhone 14 Pro Max VN/A sử dụng bộ vi xử l&yacute; Apple A16 Bionic được xử l&yacute; tr&ecirc;n tiến tr&igrave;nh 4nm. Với bộ xử l&yacute; neural 16 nh&acirc;n tr&ecirc;n chip n&agrave;y, b&ecirc;n cạnh bộ xử l&yacute; m&agrave;n h&igrave;nh ho&agrave;n to&agrave;n mới để hỗ trợ đẩy tần số qu&eacute;t xuống 1Hz, xử l&yacute; t&iacute;nh năng always-on v&agrave; gi&uacute;p Dynamic Island hoạt động mượt m&agrave;.Thiết bị c&oacute; RAM 6GB sử dụng c&ocirc;ng nghệ LPDDR5 cải tiến về tốc độ truyền v&agrave; điện năng ti&ecirc;u thụ.</p>\r\n<p style=\"font-weight: 400;\">&nbsp;</p>\r\n<p style=\"font-weight: 400;\"><em>iPhone 14 Pro Max VN/A</em></p>\r\n<h2>T&iacute;nh năng điện thoại vệ tinh</h2>\r\n<p style=\"font-weight: 400;\">Điểm độc đ&aacute;o tr&ecirc;n thế hệ&nbsp;<a href=\"https://hoanghamobile.com/dien-thoai-di-dong/iphone/iphone-14-series\">iPhone 14 Series</a>&nbsp;ch&iacute;nh l&agrave; điện thoại vệ tinh hỗ trợ người d&ugrave;ng trong việc li&ecirc;n lạc bằng c&aacute;ch kết nối với c&aacute;c trạm vệ tinh xoay quanh quỹ đạo m&agrave; kh&ocirc;ng cần s&oacute;ng của nh&agrave; mạng.</p>\r\n<p style=\"font-weight: 400;\">iPhone 14 Pro Max VN/A c&oacute; dung lượng 4.323 mAh &ndash; thấp hơn một ch&uacute;t so với mức 4.352 mAh của 13 Pro Max. Ngo&agrave;i ra, thiết bị được trang bị sạc nhanh với c&ocirc;ng suất 30W, cao hơn đ&aacute;ng kể so với mức sạc 20W cũ.</p>\r\n<p style=\"font-weight: 400;\">iPhone 14 Pro Max VN/A hiện l&agrave; chiếc flagship c&oacute; trọng lượng nặng nhất tr&ecirc;n thị trường với khối lượng 255 gram, cao hơn 15 gram so với thế hệ trước. Người d&ugrave;ng c&oacute; t&ugrave;y chọn c&aacute;c phi&ecirc;n bản dung lượng gồm 128 GB, 256 GB, 512 GB v&agrave; 1TB. Thiết bị sử dụng phần khung titan thay v&igrave; th&eacute;p kh&ocirc;ng gỉ, mang đến một chiếc iPhone mạnh mẽ hơn, nhẹ hơn v&agrave; chống trầy tốt hơn, d&ugrave; l&agrave;m tăng khối lượng.</p>\r\n<p style=\"font-weight: 400;\">iPhone 14 Pro Max VN/A sẽ c&oacute; c&aacute;c lựa chọn m&agrave;u sắc: x&aacute;m than ch&igrave; (Graphite), bạc (Silver), v&agrave;ng (Gold), t&iacute;m (Purple), nhưng kh&ocirc;ng c&oacute; phi&ecirc;n bản m&agrave;u xanh Sierra Blue như năm ngo&aacute;i.</p>',1,1,4,20,'2023-07-11 11:12:05','2023-07-11 11:12:05',NULL),(8,'iPhone 12 (128GB) - Chính hãng VN/A','iphone-12-128gb-chinh-hang-vna','anh-chup-man-hinh-2022-09-08-luc-01-57-13-removebg-preview.png','/storage/product/1/mPENBnQZavZZ9JK7rCaZ.png','15990000','12990000','<p><strong>C&ocirc;ng nghệ m&agrave;n h&igrave;nh::</strong>&nbsp;OLED</p>\r\n<p><strong>Độ ph&acirc;n giải::</strong>&nbsp;2796 x 1290 Pixels</p>\r\n<p><strong>M&agrave;n h&igrave;nh rộng::</strong>&nbsp;6.7\"</p>\r\n<p><strong>Độ ph&acirc;n giải:</strong>&nbsp;Ch&iacute;nh 48 MP &amp; Phụ 12 MP, 12 MP, 12 MP</p>\r\n<p><strong>Hệ điều h&agrave;nh:</strong>&nbsp;iOS 16</p>\r\n<p><strong>Chip xử l&yacute; (CPU):</strong>&nbsp;Apple A16 Bionic 6 nh&acirc;n</p>\r\n<p><strong>Bộ nhớ trong (ROM):</strong>&nbsp;128 GB</p>\r\n<p><strong>RAM:</strong>&nbsp;6 GB</p>\r\n<p><strong>Mạng di động:</strong>&nbsp;Hỗ trợ 5G</p>\r\n<p><strong>Số khe sim:</strong>&nbsp;1 Nano SIM &amp; 1 eSIM</p>\r\n<p><strong>Dung lượng pin:</strong>&nbsp;4323 mAh</p>','<p style=\"font-weight: 400;\">iPhone 14 Pro Max VN/A l&agrave; d&ograve;ng sản phẩm cao cấp nhất nằm trong thế hệ&nbsp;<a href=\"https://hoanghamobile.com/dien-thoai-di-dong/iphone/iphone-14-series\">iPhone 14 Series</a>&nbsp;mới vừa được ra mắt c&ugrave;ng với nhiều n&acirc;ng cấp về ngoại h&igrave;nh v&agrave; t&iacute;nh năng, hứa hẹn sẽ l&agrave; d&ograve;ng sản phẩm đột ph&aacute; trong v&agrave;i năm trở lại đ&acirc;y của Apple.</p>\r\n<p style=\"font-weight: 400;\">&nbsp;</p>\r\n<p style=\"font-weight: 400;\"><em>iPhone 14 Pro Max VN/A</em></p>\r\n<h2>Ph&aacute; vỡ thiết kế notch cổ điển</h2>\r\n<p style=\"font-weight: 400;\">Chiếc iPhone 14 Pro Max VN/A sở hữu m&agrave;n h&igrave;nh Super Retina XDR mới với ProMotion c&oacute; k&iacute;ch thước 6.7 inch. Tần số qu&eacute;t m&agrave;n h&igrave;nh sẽ giảm xuống 1 Hz để tiết kiệm pin, trong khi h&igrave;nh nền được l&agrave;m mờ. M&agrave;n h&igrave;nh ti&ecirc;n tiến cũng mang lại mức độ s&aacute;ng HDR cao nhất tương tự như Pro Display XDR v&agrave; ​​độ s&aacute;ng đỉnh ngo&agrave;i trời cao nhất trong điện thoại th&ocirc;ng minh: l&ecirc;n đến 2000 nits, s&aacute;ng gấp đ&ocirc;i so với người tiền nhiệm.</p>\r\n<p style=\"font-weight: 400;\">M&agrave;n h&igrave;nh trước l&agrave;m từ chất liệu Ceramic Shield - cứng hơn bất kỳ loại k&iacute;nh điện thoại th&ocirc;ng minh n&agrave;o - v&agrave; được bảo vệ khỏi c&aacute;c sự cố tr&agrave;n v&agrave; tai nạn th&ocirc;ng thường với khả năng chống nước v&agrave; bụi.</p>\r\n<p style=\"font-weight: 400;\">M&agrave;n h&igrave;nh Dynamic Island mới tr&ecirc;n d&ograve;ng iPhone 14 Pro được coi l&agrave; &yacute; tưởng thiết kế s&aacute;ng tạo, đem đến trải nghiệm độc đ&aacute;o. Apple đ&atilde; thay thế phần notch tr&ecirc;n d&ograve;ng sản phẩm &zwnj;iPhone 14 Pro&zwnj; bằng lỗ khuyết vi&ecirc;n thuốc v&agrave; đục lỗ. Một chi tiết mới quan trọng của việc thay thế notch xuất hiện trong tuần n&agrave;y l&agrave; khi thiết bị được sử dụng, c&aacute;c lỗ h&igrave;nh vi&ecirc;n thuốc v&agrave; lỗ đục lỗ sẽ hợp nhất bằng kỹ thuật số th&agrave;nh h&igrave;nh chữ i d&agrave;i hơn. Phần cắt n&agrave;y được Apple d&ugrave;ng để hiển thị th&ocirc;ng tin như c&aacute;c th&ocirc;ng b&aacute;o về quyền ri&ecirc;ng tư của iOS v&agrave; cụm cảm biến cho FaceID</p>\r\n<p style=\"font-weight: 400;\">Ngo&agrave;i ra, iPhone 14 Pro Max VN/A c&ograve;n c&oacute; t&iacute;nh năng Always On Display hay m&agrave;n h&igrave;nh lu&ocirc;n bật, đ&acirc;y l&agrave; một trong những t&iacute;nh năng kh&aacute; th&uacute; vị tr&ecirc;n c&aacute;c d&ograve;ng điện thoại hiện nay. T&iacute;nh năng n&agrave;y kh&ocirc;ng chỉ gi&uacute;p bạn nhận được th&ocirc;ng b&aacute;o từ c&aacute;c ứng dụng như đồng hồ, lịch, tin nhắn, cuộc gọi nhỡ, ứng dụng,... kể cả khi m&agrave;n h&igrave;nh điện thoại đ&atilde; tắt m&agrave; c&ograve;n gi&uacute;p điện thoại tiết kiệm pin đ&aacute;ng kể.</p>\r\n<h2>N&acirc;ng cấp đ&aacute;ng kể về camera</h2>\r\n<p style=\"font-weight: 400;\">Một trong những n&acirc;ng cấp m&agrave; người d&ugrave;ng tr&ocirc;ng đợi nhất từ d&ograve;ng iPhone 14 đ&oacute; ch&iacute;nh l&agrave; camera. Sau nhiều năm camera dặm ch&acirc;n ở con số 12MP, độ ph&acirc;n giải camera ch&iacute;nh của iPhone 14 Pro Max VN/A đ&atilde; được n&acirc;ng cấp l&ecirc;n th&agrave;nh 48MP c&ugrave;ng điểm ảnh 1,4&micro;m. Sự n&acirc;ng cấp n&agrave;y cho ph&eacute;p camera thu được nhiều &aacute;nh s&aacute;ng hơn khi chụp ảnh trong điều kiện &aacute;nh s&aacute;ng yếu.</p>\r\n<p style=\"font-weight: 400;\">&nbsp;</p>\r\n<p style=\"font-weight: 400;\"><em>iPhone 14 Pro Max VN/A c&oacute; n&acirc;ng cấp đ&aacute;ng kể về camera</em></p>\r\n<p style=\"font-weight: 400;\">&nbsp;</p>\r\n<p style=\"font-weight: 400;\">Ngo&agrave;i ra, điện thoại c&ograve;n hỗ trợ quay video 8K (ở tốc độ l&ecirc;n đến 60 khung h&igrave;nh/gi&acirc;y), kh&ocirc;ng chỉ đem lại h&igrave;nh ảnh sắc n&eacute;t hơn (như tăng chất lượng tr&ecirc;n video YouTube) m&agrave; c&ograve;n cho ph&eacute;p c&aacute;c nh&agrave; l&agrave;m phim cắt, ổn định v&agrave; điều chỉnh lại cảnh quay sau khi n&oacute; được quay.</p>\r\n<ul>\r\n<li style=\"font-weight: 400;\">M&aacute;y ảnh ch&iacute;nh được n&acirc;ng cấp l&ecirc;n th&agrave;nh 48MP c&ugrave;ng điểm ảnh 1,4&micro;m, đi k&egrave;m pixel-binning (kết hợp pixel với nhau) cho ph&eacute;p camera thu được nhiều &aacute;nh s&aacute;ng hơn v&agrave; giảm nhiễu</li>\r\n<li style=\"font-weight: 400;\">M&aacute;y ảnh 12MP Ultra Wide mới với điểm ảnh 1,4 &micro;m pixel, mang lại h&igrave;nh ảnh sắc n&eacute;t hơn với nhiều chi tiết hơn, cải thiện khả năng chụp ảnh macro vốn đ&atilde; mạnh mẽ.</li>\r\n<li style=\"font-weight: 400;\">M&aacute;y ảnh tele cải tiến c&oacute; khả năng zoom quang học 3x.</li>\r\n<li style=\"font-weight: 400;\">Một camera TrueDepth ph&iacute;a trước mới với khẩu độ &fnof; / 1.9 cho ph&eacute;p chụp ảnh v&agrave; quay video trong điều kiện &aacute;nh s&aacute;ng yếu tốt hơn. Sử dụng lấy n&eacute;t tự động lần đầu ti&ecirc;n, n&oacute; c&oacute; thể lấy n&eacute;t nhanh hơn nữa trong điều kiện &aacute;nh s&aacute;ng yếu v&agrave; chụp ảnh nh&oacute;m từ xa hơn.</li>\r\n<li style=\"font-weight: 400;\">Đ&egrave;n flash True Tone th&iacute;ch ứng mới đ&atilde; được thiết kế lại ho&agrave;n to&agrave;n với một d&atilde;y ch&iacute;n đ&egrave;n LED thay đổi kiểu dựa tr&ecirc;n độ d&agrave;i ti&ecirc;u cự đ&atilde; chọn.</li>\r\n<li style=\"font-weight: 400;\">Hỗ trợ chụp ảnh ti&ecirc;n tiến như Chế độ ban đ&ecirc;m, Smart HDR 4, Chế độ ch&acirc;n dung với &Aacute;nh s&aacute;ng ch&acirc;n dung, Chế độ ban đ&ecirc;m Ảnh ch&acirc;n dung, Kiểu chụp ảnh để c&aacute; nh&acirc;n h&oacute;a giao diện của mọi bức ảnh v&agrave; Apple ProRAW.</li>\r\n<li style=\"font-weight: 400;\">Chế độ Action mới cho video tr&ocirc;ng cực kỳ mượt m&agrave; c&oacute; thể giảm độ rung, cho ra những khung h&igrave;nh mượt m&agrave; sống động</li>\r\n<li style=\"font-weight: 400;\">Chế độ Cinematic, hiện c&oacute; sẵn ở 4K ở tốc độ 30 khung h&igrave;nh / gi&acirc;y v&agrave; 4K ở tốc độ 24 khung h&igrave;nh / gi&acirc;y.</li>\r\n<li style=\"font-weight: 400;\">T&iacute;nh năng định dạng video chuy&ecirc;n nghiệp, bao gồm ProRes3 v&agrave; Dolby Vision HDR đầu cuối.</li>\r\n</ul>\r\n<h2>Bộ vi xử l&yacute; A16 cực xịn</h2>\r\n<p style=\"font-weight: 400;\">iPhone 14 Pro Max VN/A sử dụng bộ vi xử l&yacute; Apple A16 Bionic được xử l&yacute; tr&ecirc;n tiến tr&igrave;nh 4nm. Với bộ xử l&yacute; neural 16 nh&acirc;n tr&ecirc;n chip n&agrave;y, b&ecirc;n cạnh bộ xử l&yacute; m&agrave;n h&igrave;nh ho&agrave;n to&agrave;n mới để hỗ trợ đẩy tần số qu&eacute;t xuống 1Hz, xử l&yacute; t&iacute;nh năng always-on v&agrave; gi&uacute;p Dynamic Island hoạt động mượt m&agrave;.Thiết bị c&oacute; RAM 6GB sử dụng c&ocirc;ng nghệ LPDDR5 cải tiến về tốc độ truyền v&agrave; điện năng ti&ecirc;u thụ.</p>\r\n<p style=\"font-weight: 400;\">&nbsp;</p>\r\n<p style=\"font-weight: 400;\"><em>iPhone 14 Pro Max VN/A</em></p>\r\n<h2>T&iacute;nh năng điện thoại vệ tinh</h2>\r\n<p style=\"font-weight: 400;\">Điểm độc đ&aacute;o tr&ecirc;n thế hệ&nbsp;<a href=\"https://hoanghamobile.com/dien-thoai-di-dong/iphone/iphone-14-series\">iPhone 14 Series</a>&nbsp;ch&iacute;nh l&agrave; điện thoại vệ tinh hỗ trợ người d&ugrave;ng trong việc li&ecirc;n lạc bằng c&aacute;ch kết nối với c&aacute;c trạm vệ tinh xoay quanh quỹ đạo m&agrave; kh&ocirc;ng cần s&oacute;ng của nh&agrave; mạng.</p>\r\n<p style=\"font-weight: 400;\">iPhone 14 Pro Max VN/A c&oacute; dung lượng 4.323 mAh &ndash; thấp hơn một ch&uacute;t so với mức 4.352 mAh của 13 Pro Max. Ngo&agrave;i ra, thiết bị được trang bị sạc nhanh với c&ocirc;ng suất 30W, cao hơn đ&aacute;ng kể so với mức sạc 20W cũ.</p>\r\n<p style=\"font-weight: 400;\">iPhone 14 Pro Max VN/A hiện l&agrave; chiếc flagship c&oacute; trọng lượng nặng nhất tr&ecirc;n thị trường với khối lượng 255 gram, cao hơn 15 gram so với thế hệ trước. Người d&ugrave;ng c&oacute; t&ugrave;y chọn c&aacute;c phi&ecirc;n bản dung lượng gồm 128 GB, 256 GB, 512 GB v&agrave; 1TB. Thiết bị sử dụng phần khung titan thay v&igrave; th&eacute;p kh&ocirc;ng gỉ, mang đến một chiếc iPhone mạnh mẽ hơn, nhẹ hơn v&agrave; chống trầy tốt hơn, d&ugrave; l&agrave;m tăng khối lượng.</p>\r\n<p style=\"font-weight: 400;\">iPhone 14 Pro Max VN/A sẽ c&oacute; c&aacute;c lựa chọn m&agrave;u sắc: x&aacute;m than ch&igrave; (Graphite), bạc (Silver), v&agrave;ng (Gold), t&iacute;m (Purple), nhưng kh&ocirc;ng c&oacute; phi&ecirc;n bản m&agrave;u xanh Sierra Blue như năm ngo&aacute;i.</p>',1,1,4,20,'2023-07-11 11:13:03','2023-07-11 11:42:33',NULL),(9,'Samsung Galaxy A73 5G - Chính hãng','samsung-galaxy-a73-5g-chinh-hang','image-removebg-preview.png','/storage/product/1/I2g9ioxgQElkUfnzaaPx.png','10990000','9990000','<p><strong>C&ocirc;ng nghệ m&agrave;n h&igrave;nh::</strong>&nbsp;OLED</p>\r\n<p><strong>Độ ph&acirc;n giải::</strong>&nbsp;2796 x 1290 Pixels</p>\r\n<p><strong>M&agrave;n h&igrave;nh rộng::</strong>&nbsp;6.7\"</p>\r\n<p><strong>Độ ph&acirc;n giải:</strong>&nbsp;Ch&iacute;nh 48 MP &amp; Phụ 12 MP, 12 MP, 12 MP</p>\r\n<p><strong>Hệ điều h&agrave;nh:</strong>&nbsp;iOS 16</p>\r\n<p><strong>Chip xử l&yacute; (CPU):</strong>&nbsp;Apple A16 Bionic 6 nh&acirc;n</p>\r\n<p><strong>Bộ nhớ trong (ROM):</strong>&nbsp;128 GB</p>\r\n<p><strong>RAM:</strong>&nbsp;6 GB</p>\r\n<p><strong>Mạng di động:</strong>&nbsp;Hỗ trợ 5G</p>\r\n<p><strong>Số khe sim:</strong>&nbsp;1 Nano SIM &amp; 1 eSIM</p>\r\n<p><strong>Dung lượng pin:</strong>&nbsp;4323 mAh</p>','<p style=\"font-weight: 400;\">iPhone 14 Pro Max VN/A l&agrave; d&ograve;ng sản phẩm cao cấp nhất nằm trong thế hệ&nbsp;<a href=\"https://hoanghamobile.com/dien-thoai-di-dong/iphone/iphone-14-series\">iPhone 14 Series</a>&nbsp;mới vừa được ra mắt c&ugrave;ng với nhiều n&acirc;ng cấp về ngoại h&igrave;nh v&agrave; t&iacute;nh năng, hứa hẹn sẽ l&agrave; d&ograve;ng sản phẩm đột ph&aacute; trong v&agrave;i năm trở lại đ&acirc;y của Apple.</p>\r\n<p style=\"font-weight: 400;\">&nbsp;</p>\r\n<p style=\"font-weight: 400;\"><em>iPhone 14 Pro Max VN/A</em></p>\r\n<h2>Ph&aacute; vỡ thiết kế notch cổ điển</h2>\r\n<p style=\"font-weight: 400;\">Chiếc iPhone 14 Pro Max VN/A sở hữu m&agrave;n h&igrave;nh Super Retina XDR mới với ProMotion c&oacute; k&iacute;ch thước 6.7 inch. Tần số qu&eacute;t m&agrave;n h&igrave;nh sẽ giảm xuống 1 Hz để tiết kiệm pin, trong khi h&igrave;nh nền được l&agrave;m mờ. M&agrave;n h&igrave;nh ti&ecirc;n tiến cũng mang lại mức độ s&aacute;ng HDR cao nhất tương tự như Pro Display XDR v&agrave; ​​độ s&aacute;ng đỉnh ngo&agrave;i trời cao nhất trong điện thoại th&ocirc;ng minh: l&ecirc;n đến 2000 nits, s&aacute;ng gấp đ&ocirc;i so với người tiền nhiệm.</p>\r\n<p style=\"font-weight: 400;\">M&agrave;n h&igrave;nh trước l&agrave;m từ chất liệu Ceramic Shield - cứng hơn bất kỳ loại k&iacute;nh điện thoại th&ocirc;ng minh n&agrave;o - v&agrave; được bảo vệ khỏi c&aacute;c sự cố tr&agrave;n v&agrave; tai nạn th&ocirc;ng thường với khả năng chống nước v&agrave; bụi.</p>\r\n<p style=\"font-weight: 400;\">M&agrave;n h&igrave;nh Dynamic Island mới tr&ecirc;n d&ograve;ng iPhone 14 Pro được coi l&agrave; &yacute; tưởng thiết kế s&aacute;ng tạo, đem đến trải nghiệm độc đ&aacute;o. Apple đ&atilde; thay thế phần notch tr&ecirc;n d&ograve;ng sản phẩm &zwnj;iPhone 14 Pro&zwnj; bằng lỗ khuyết vi&ecirc;n thuốc v&agrave; đục lỗ. Một chi tiết mới quan trọng của việc thay thế notch xuất hiện trong tuần n&agrave;y l&agrave; khi thiết bị được sử dụng, c&aacute;c lỗ h&igrave;nh vi&ecirc;n thuốc v&agrave; lỗ đục lỗ sẽ hợp nhất bằng kỹ thuật số th&agrave;nh h&igrave;nh chữ i d&agrave;i hơn. Phần cắt n&agrave;y được Apple d&ugrave;ng để hiển thị th&ocirc;ng tin như c&aacute;c th&ocirc;ng b&aacute;o về quyền ri&ecirc;ng tư của iOS v&agrave; cụm cảm biến cho FaceID</p>\r\n<p style=\"font-weight: 400;\">Ngo&agrave;i ra, iPhone 14 Pro Max VN/A c&ograve;n c&oacute; t&iacute;nh năng Always On Display hay m&agrave;n h&igrave;nh lu&ocirc;n bật, đ&acirc;y l&agrave; một trong những t&iacute;nh năng kh&aacute; th&uacute; vị tr&ecirc;n c&aacute;c d&ograve;ng điện thoại hiện nay. T&iacute;nh năng n&agrave;y kh&ocirc;ng chỉ gi&uacute;p bạn nhận được th&ocirc;ng b&aacute;o từ c&aacute;c ứng dụng như đồng hồ, lịch, tin nhắn, cuộc gọi nhỡ, ứng dụng,... kể cả khi m&agrave;n h&igrave;nh điện thoại đ&atilde; tắt m&agrave; c&ograve;n gi&uacute;p điện thoại tiết kiệm pin đ&aacute;ng kể.</p>\r\n<h2>N&acirc;ng cấp đ&aacute;ng kể về camera</h2>\r\n<p style=\"font-weight: 400;\">Một trong những n&acirc;ng cấp m&agrave; người d&ugrave;ng tr&ocirc;ng đợi nhất từ d&ograve;ng iPhone 14 đ&oacute; ch&iacute;nh l&agrave; camera. Sau nhiều năm camera dặm ch&acirc;n ở con số 12MP, độ ph&acirc;n giải camera ch&iacute;nh của iPhone 14 Pro Max VN/A đ&atilde; được n&acirc;ng cấp l&ecirc;n th&agrave;nh 48MP c&ugrave;ng điểm ảnh 1,4&micro;m. Sự n&acirc;ng cấp n&agrave;y cho ph&eacute;p camera thu được nhiều &aacute;nh s&aacute;ng hơn khi chụp ảnh trong điều kiện &aacute;nh s&aacute;ng yếu.</p>\r\n<p style=\"font-weight: 400;\">&nbsp;</p>\r\n<p style=\"font-weight: 400;\"><em>iPhone 14 Pro Max VN/A c&oacute; n&acirc;ng cấp đ&aacute;ng kể về camera</em></p>\r\n<p style=\"font-weight: 400;\">&nbsp;</p>\r\n<p style=\"font-weight: 400;\">Ngo&agrave;i ra, điện thoại c&ograve;n hỗ trợ quay video 8K (ở tốc độ l&ecirc;n đến 60 khung h&igrave;nh/gi&acirc;y), kh&ocirc;ng chỉ đem lại h&igrave;nh ảnh sắc n&eacute;t hơn (như tăng chất lượng tr&ecirc;n video YouTube) m&agrave; c&ograve;n cho ph&eacute;p c&aacute;c nh&agrave; l&agrave;m phim cắt, ổn định v&agrave; điều chỉnh lại cảnh quay sau khi n&oacute; được quay.</p>\r\n<ul>\r\n<li style=\"font-weight: 400;\">M&aacute;y ảnh ch&iacute;nh được n&acirc;ng cấp l&ecirc;n th&agrave;nh 48MP c&ugrave;ng điểm ảnh 1,4&micro;m, đi k&egrave;m pixel-binning (kết hợp pixel với nhau) cho ph&eacute;p camera thu được nhiều &aacute;nh s&aacute;ng hơn v&agrave; giảm nhiễu</li>\r\n<li style=\"font-weight: 400;\">M&aacute;y ảnh 12MP Ultra Wide mới với điểm ảnh 1,4 &micro;m pixel, mang lại h&igrave;nh ảnh sắc n&eacute;t hơn với nhiều chi tiết hơn, cải thiện khả năng chụp ảnh macro vốn đ&atilde; mạnh mẽ.</li>\r\n<li style=\"font-weight: 400;\">M&aacute;y ảnh tele cải tiến c&oacute; khả năng zoom quang học 3x.</li>\r\n<li style=\"font-weight: 400;\">Một camera TrueDepth ph&iacute;a trước mới với khẩu độ &fnof; / 1.9 cho ph&eacute;p chụp ảnh v&agrave; quay video trong điều kiện &aacute;nh s&aacute;ng yếu tốt hơn. Sử dụng lấy n&eacute;t tự động lần đầu ti&ecirc;n, n&oacute; c&oacute; thể lấy n&eacute;t nhanh hơn nữa trong điều kiện &aacute;nh s&aacute;ng yếu v&agrave; chụp ảnh nh&oacute;m từ xa hơn.</li>\r\n<li style=\"font-weight: 400;\">Đ&egrave;n flash True Tone th&iacute;ch ứng mới đ&atilde; được thiết kế lại ho&agrave;n to&agrave;n với một d&atilde;y ch&iacute;n đ&egrave;n LED thay đổi kiểu dựa tr&ecirc;n độ d&agrave;i ti&ecirc;u cự đ&atilde; chọn.</li>\r\n<li style=\"font-weight: 400;\">Hỗ trợ chụp ảnh ti&ecirc;n tiến như Chế độ ban đ&ecirc;m, Smart HDR 4, Chế độ ch&acirc;n dung với &Aacute;nh s&aacute;ng ch&acirc;n dung, Chế độ ban đ&ecirc;m Ảnh ch&acirc;n dung, Kiểu chụp ảnh để c&aacute; nh&acirc;n h&oacute;a giao diện của mọi bức ảnh v&agrave; Apple ProRAW.</li>\r\n<li style=\"font-weight: 400;\">Chế độ Action mới cho video tr&ocirc;ng cực kỳ mượt m&agrave; c&oacute; thể giảm độ rung, cho ra những khung h&igrave;nh mượt m&agrave; sống động</li>\r\n<li style=\"font-weight: 400;\">Chế độ Cinematic, hiện c&oacute; sẵn ở 4K ở tốc độ 30 khung h&igrave;nh / gi&acirc;y v&agrave; 4K ở tốc độ 24 khung h&igrave;nh / gi&acirc;y.</li>\r\n<li style=\"font-weight: 400;\">T&iacute;nh năng định dạng video chuy&ecirc;n nghiệp, bao gồm ProRes3 v&agrave; Dolby Vision HDR đầu cuối.</li>\r\n</ul>\r\n<h2>Bộ vi xử l&yacute; A16 cực xịn</h2>\r\n<p style=\"font-weight: 400;\">iPhone 14 Pro Max VN/A sử dụng bộ vi xử l&yacute; Apple A16 Bionic được xử l&yacute; tr&ecirc;n tiến tr&igrave;nh 4nm. Với bộ xử l&yacute; neural 16 nh&acirc;n tr&ecirc;n chip n&agrave;y, b&ecirc;n cạnh bộ xử l&yacute; m&agrave;n h&igrave;nh ho&agrave;n to&agrave;n mới để hỗ trợ đẩy tần số qu&eacute;t xuống 1Hz, xử l&yacute; t&iacute;nh năng always-on v&agrave; gi&uacute;p Dynamic Island hoạt động mượt m&agrave;.Thiết bị c&oacute; RAM 6GB sử dụng c&ocirc;ng nghệ LPDDR5 cải tiến về tốc độ truyền v&agrave; điện năng ti&ecirc;u thụ.</p>\r\n<p style=\"font-weight: 400;\">&nbsp;</p>\r\n<p style=\"font-weight: 400;\"><em>iPhone 14 Pro Max VN/A</em></p>\r\n<h2>T&iacute;nh năng điện thoại vệ tinh</h2>\r\n<p style=\"font-weight: 400;\">Điểm độc đ&aacute;o tr&ecirc;n thế hệ&nbsp;<a href=\"https://hoanghamobile.com/dien-thoai-di-dong/iphone/iphone-14-series\">iPhone 14 Series</a>&nbsp;ch&iacute;nh l&agrave; điện thoại vệ tinh hỗ trợ người d&ugrave;ng trong việc li&ecirc;n lạc bằng c&aacute;ch kết nối với c&aacute;c trạm vệ tinh xoay quanh quỹ đạo m&agrave; kh&ocirc;ng cần s&oacute;ng của nh&agrave; mạng.</p>\r\n<p style=\"font-weight: 400;\">iPhone 14 Pro Max VN/A c&oacute; dung lượng 4.323 mAh &ndash; thấp hơn một ch&uacute;t so với mức 4.352 mAh của 13 Pro Max. Ngo&agrave;i ra, thiết bị được trang bị sạc nhanh với c&ocirc;ng suất 30W, cao hơn đ&aacute;ng kể so với mức sạc 20W cũ.</p>\r\n<p style=\"font-weight: 400;\">iPhone 14 Pro Max VN/A hiện l&agrave; chiếc flagship c&oacute; trọng lượng nặng nhất tr&ecirc;n thị trường với khối lượng 255 gram, cao hơn 15 gram so với thế hệ trước. Người d&ugrave;ng c&oacute; t&ugrave;y chọn c&aacute;c phi&ecirc;n bản dung lượng gồm 128 GB, 256 GB, 512 GB v&agrave; 1TB. Thiết bị sử dụng phần khung titan thay v&igrave; th&eacute;p kh&ocirc;ng gỉ, mang đến một chiếc iPhone mạnh mẽ hơn, nhẹ hơn v&agrave; chống trầy tốt hơn, d&ugrave; l&agrave;m tăng khối lượng.</p>\r\n<p style=\"font-weight: 400;\">iPhone 14 Pro Max VN/A sẽ c&oacute; c&aacute;c lựa chọn m&agrave;u sắc: x&aacute;m than ch&igrave; (Graphite), bạc (Silver), v&agrave;ng (Gold), t&iacute;m (Purple), nhưng kh&ocirc;ng c&oacute; phi&ecirc;n bản m&agrave;u xanh Sierra Blue như năm ngo&aacute;i.</p>',0,1,3,20,'2023-07-11 11:15:33','2023-07-11 11:19:57','2023-07-11 11:19:57'),(10,'Samsung Galaxy S21FE 5G - Chính hãng','samsung-galaxy-s21fe-5g-chinh-hang','s21-fe-1.png','/storage/product/1/WEFTV5KW0dnFOgz8C2zN.png','10990000','9990000','<p><strong>C&ocirc;ng nghệ m&agrave;n h&igrave;nh::</strong>&nbsp;OLED</p>\r\n<p><strong>Độ ph&acirc;n giải::</strong>&nbsp;2796 x 1290 Pixels</p>\r\n<p><strong>M&agrave;n h&igrave;nh rộng::</strong>&nbsp;6.7\"</p>\r\n<p><strong>Độ ph&acirc;n giải:</strong>&nbsp;Ch&iacute;nh 48 MP &amp; Phụ 12 MP, 12 MP, 12 MP</p>\r\n<p><strong>Hệ điều h&agrave;nh:</strong>&nbsp;iOS 16</p>\r\n<p><strong>Chip xử l&yacute; (CPU):</strong>&nbsp;Apple A16 Bionic 6 nh&acirc;n</p>\r\n<p><strong>Bộ nhớ trong (ROM):</strong>&nbsp;128 GB</p>\r\n<p><strong>RAM:</strong>&nbsp;6 GB</p>\r\n<p><strong>Mạng di động:</strong>&nbsp;Hỗ trợ 5G</p>\r\n<p><strong>Số khe sim:</strong>&nbsp;1 Nano SIM &amp; 1 eSIM</p>\r\n<p><strong>Dung lượng pin:</strong>&nbsp;4323 mAh</p>','<p style=\"font-weight: 400;\">iPhone 14 Pro Max VN/A l&agrave; d&ograve;ng sản phẩm cao cấp nhất nằm trong thế hệ&nbsp;<a href=\"https://hoanghamobile.com/dien-thoai-di-dong/iphone/iphone-14-series\">iPhone 14 Series</a>&nbsp;mới vừa được ra mắt c&ugrave;ng với nhiều n&acirc;ng cấp về ngoại h&igrave;nh v&agrave; t&iacute;nh năng, hứa hẹn sẽ l&agrave; d&ograve;ng sản phẩm đột ph&aacute; trong v&agrave;i năm trở lại đ&acirc;y của Apple.</p>\r\n<p style=\"font-weight: 400;\">&nbsp;</p>\r\n<p style=\"font-weight: 400;\"><em>iPhone 14 Pro Max VN/A</em></p>\r\n<h2>Ph&aacute; vỡ thiết kế notch cổ điển</h2>\r\n<p style=\"font-weight: 400;\">Chiếc iPhone 14 Pro Max VN/A sở hữu m&agrave;n h&igrave;nh Super Retina XDR mới với ProMotion c&oacute; k&iacute;ch thước 6.7 inch. Tần số qu&eacute;t m&agrave;n h&igrave;nh sẽ giảm xuống 1 Hz để tiết kiệm pin, trong khi h&igrave;nh nền được l&agrave;m mờ. M&agrave;n h&igrave;nh ti&ecirc;n tiến cũng mang lại mức độ s&aacute;ng HDR cao nhất tương tự như Pro Display XDR v&agrave; ​​độ s&aacute;ng đỉnh ngo&agrave;i trời cao nhất trong điện thoại th&ocirc;ng minh: l&ecirc;n đến 2000 nits, s&aacute;ng gấp đ&ocirc;i so với người tiền nhiệm.</p>\r\n<p style=\"font-weight: 400;\">M&agrave;n h&igrave;nh trước l&agrave;m từ chất liệu Ceramic Shield - cứng hơn bất kỳ loại k&iacute;nh điện thoại th&ocirc;ng minh n&agrave;o - v&agrave; được bảo vệ khỏi c&aacute;c sự cố tr&agrave;n v&agrave; tai nạn th&ocirc;ng thường với khả năng chống nước v&agrave; bụi.</p>\r\n<p style=\"font-weight: 400;\">M&agrave;n h&igrave;nh Dynamic Island mới tr&ecirc;n d&ograve;ng iPhone 14 Pro được coi l&agrave; &yacute; tưởng thiết kế s&aacute;ng tạo, đem đến trải nghiệm độc đ&aacute;o. Apple đ&atilde; thay thế phần notch tr&ecirc;n d&ograve;ng sản phẩm &zwnj;iPhone 14 Pro&zwnj; bằng lỗ khuyết vi&ecirc;n thuốc v&agrave; đục lỗ. Một chi tiết mới quan trọng của việc thay thế notch xuất hiện trong tuần n&agrave;y l&agrave; khi thiết bị được sử dụng, c&aacute;c lỗ h&igrave;nh vi&ecirc;n thuốc v&agrave; lỗ đục lỗ sẽ hợp nhất bằng kỹ thuật số th&agrave;nh h&igrave;nh chữ i d&agrave;i hơn. Phần cắt n&agrave;y được Apple d&ugrave;ng để hiển thị th&ocirc;ng tin như c&aacute;c th&ocirc;ng b&aacute;o về quyền ri&ecirc;ng tư của iOS v&agrave; cụm cảm biến cho FaceID</p>\r\n<p style=\"font-weight: 400;\">Ngo&agrave;i ra, iPhone 14 Pro Max VN/A c&ograve;n c&oacute; t&iacute;nh năng Always On Display hay m&agrave;n h&igrave;nh lu&ocirc;n bật, đ&acirc;y l&agrave; một trong những t&iacute;nh năng kh&aacute; th&uacute; vị tr&ecirc;n c&aacute;c d&ograve;ng điện thoại hiện nay. T&iacute;nh năng n&agrave;y kh&ocirc;ng chỉ gi&uacute;p bạn nhận được th&ocirc;ng b&aacute;o từ c&aacute;c ứng dụng như đồng hồ, lịch, tin nhắn, cuộc gọi nhỡ, ứng dụng,... kể cả khi m&agrave;n h&igrave;nh điện thoại đ&atilde; tắt m&agrave; c&ograve;n gi&uacute;p điện thoại tiết kiệm pin đ&aacute;ng kể.</p>\r\n<h2>N&acirc;ng cấp đ&aacute;ng kể về camera</h2>\r\n<p style=\"font-weight: 400;\">Một trong những n&acirc;ng cấp m&agrave; người d&ugrave;ng tr&ocirc;ng đợi nhất từ d&ograve;ng iPhone 14 đ&oacute; ch&iacute;nh l&agrave; camera. Sau nhiều năm camera dặm ch&acirc;n ở con số 12MP, độ ph&acirc;n giải camera ch&iacute;nh của iPhone 14 Pro Max VN/A đ&atilde; được n&acirc;ng cấp l&ecirc;n th&agrave;nh 48MP c&ugrave;ng điểm ảnh 1,4&micro;m. Sự n&acirc;ng cấp n&agrave;y cho ph&eacute;p camera thu được nhiều &aacute;nh s&aacute;ng hơn khi chụp ảnh trong điều kiện &aacute;nh s&aacute;ng yếu.</p>\r\n<p style=\"font-weight: 400;\">&nbsp;</p>\r\n<p style=\"font-weight: 400;\"><em>iPhone 14 Pro Max VN/A c&oacute; n&acirc;ng cấp đ&aacute;ng kể về camera</em></p>\r\n<p style=\"font-weight: 400;\">&nbsp;</p>\r\n<p style=\"font-weight: 400;\">Ngo&agrave;i ra, điện thoại c&ograve;n hỗ trợ quay video 8K (ở tốc độ l&ecirc;n đến 60 khung h&igrave;nh/gi&acirc;y), kh&ocirc;ng chỉ đem lại h&igrave;nh ảnh sắc n&eacute;t hơn (như tăng chất lượng tr&ecirc;n video YouTube) m&agrave; c&ograve;n cho ph&eacute;p c&aacute;c nh&agrave; l&agrave;m phim cắt, ổn định v&agrave; điều chỉnh lại cảnh quay sau khi n&oacute; được quay.</p>\r\n<ul>\r\n<li style=\"font-weight: 400;\">M&aacute;y ảnh ch&iacute;nh được n&acirc;ng cấp l&ecirc;n th&agrave;nh 48MP c&ugrave;ng điểm ảnh 1,4&micro;m, đi k&egrave;m pixel-binning (kết hợp pixel với nhau) cho ph&eacute;p camera thu được nhiều &aacute;nh s&aacute;ng hơn v&agrave; giảm nhiễu</li>\r\n<li style=\"font-weight: 400;\">M&aacute;y ảnh 12MP Ultra Wide mới với điểm ảnh 1,4 &micro;m pixel, mang lại h&igrave;nh ảnh sắc n&eacute;t hơn với nhiều chi tiết hơn, cải thiện khả năng chụp ảnh macro vốn đ&atilde; mạnh mẽ.</li>\r\n<li style=\"font-weight: 400;\">M&aacute;y ảnh tele cải tiến c&oacute; khả năng zoom quang học 3x.</li>\r\n<li style=\"font-weight: 400;\">Một camera TrueDepth ph&iacute;a trước mới với khẩu độ &fnof; / 1.9 cho ph&eacute;p chụp ảnh v&agrave; quay video trong điều kiện &aacute;nh s&aacute;ng yếu tốt hơn. Sử dụng lấy n&eacute;t tự động lần đầu ti&ecirc;n, n&oacute; c&oacute; thể lấy n&eacute;t nhanh hơn nữa trong điều kiện &aacute;nh s&aacute;ng yếu v&agrave; chụp ảnh nh&oacute;m từ xa hơn.</li>\r\n<li style=\"font-weight: 400;\">Đ&egrave;n flash True Tone th&iacute;ch ứng mới đ&atilde; được thiết kế lại ho&agrave;n to&agrave;n với một d&atilde;y ch&iacute;n đ&egrave;n LED thay đổi kiểu dựa tr&ecirc;n độ d&agrave;i ti&ecirc;u cự đ&atilde; chọn.</li>\r\n<li style=\"font-weight: 400;\">Hỗ trợ chụp ảnh ti&ecirc;n tiến như Chế độ ban đ&ecirc;m, Smart HDR 4, Chế độ ch&acirc;n dung với &Aacute;nh s&aacute;ng ch&acirc;n dung, Chế độ ban đ&ecirc;m Ảnh ch&acirc;n dung, Kiểu chụp ảnh để c&aacute; nh&acirc;n h&oacute;a giao diện của mọi bức ảnh v&agrave; Apple ProRAW.</li>\r\n<li style=\"font-weight: 400;\">Chế độ Action mới cho video tr&ocirc;ng cực kỳ mượt m&agrave; c&oacute; thể giảm độ rung, cho ra những khung h&igrave;nh mượt m&agrave; sống động</li>\r\n<li style=\"font-weight: 400;\">Chế độ Cinematic, hiện c&oacute; sẵn ở 4K ở tốc độ 30 khung h&igrave;nh / gi&acirc;y v&agrave; 4K ở tốc độ 24 khung h&igrave;nh / gi&acirc;y.</li>\r\n<li style=\"font-weight: 400;\">T&iacute;nh năng định dạng video chuy&ecirc;n nghiệp, bao gồm ProRes3 v&agrave; Dolby Vision HDR đầu cuối.</li>\r\n</ul>\r\n<h2>Bộ vi xử l&yacute; A16 cực xịn</h2>\r\n<p style=\"font-weight: 400;\">iPhone 14 Pro Max VN/A sử dụng bộ vi xử l&yacute; Apple A16 Bionic được xử l&yacute; tr&ecirc;n tiến tr&igrave;nh 4nm. Với bộ xử l&yacute; neural 16 nh&acirc;n tr&ecirc;n chip n&agrave;y, b&ecirc;n cạnh bộ xử l&yacute; m&agrave;n h&igrave;nh ho&agrave;n to&agrave;n mới để hỗ trợ đẩy tần số qu&eacute;t xuống 1Hz, xử l&yacute; t&iacute;nh năng always-on v&agrave; gi&uacute;p Dynamic Island hoạt động mượt m&agrave;.Thiết bị c&oacute; RAM 6GB sử dụng c&ocirc;ng nghệ LPDDR5 cải tiến về tốc độ truyền v&agrave; điện năng ti&ecirc;u thụ.</p>\r\n<p style=\"font-weight: 400;\">&nbsp;</p>\r\n<p style=\"font-weight: 400;\"><em>iPhone 14 Pro Max VN/A</em></p>\r\n<h2>T&iacute;nh năng điện thoại vệ tinh</h2>\r\n<p style=\"font-weight: 400;\">Điểm độc đ&aacute;o tr&ecirc;n thế hệ&nbsp;<a href=\"https://hoanghamobile.com/dien-thoai-di-dong/iphone/iphone-14-series\">iPhone 14 Series</a>&nbsp;ch&iacute;nh l&agrave; điện thoại vệ tinh hỗ trợ người d&ugrave;ng trong việc li&ecirc;n lạc bằng c&aacute;ch kết nối với c&aacute;c trạm vệ tinh xoay quanh quỹ đạo m&agrave; kh&ocirc;ng cần s&oacute;ng của nh&agrave; mạng.</p>\r\n<p style=\"font-weight: 400;\">iPhone 14 Pro Max VN/A c&oacute; dung lượng 4.323 mAh &ndash; thấp hơn một ch&uacute;t so với mức 4.352 mAh của 13 Pro Max. Ngo&agrave;i ra, thiết bị được trang bị sạc nhanh với c&ocirc;ng suất 30W, cao hơn đ&aacute;ng kể so với mức sạc 20W cũ.</p>\r\n<p style=\"font-weight: 400;\">iPhone 14 Pro Max VN/A hiện l&agrave; chiếc flagship c&oacute; trọng lượng nặng nhất tr&ecirc;n thị trường với khối lượng 255 gram, cao hơn 15 gram so với thế hệ trước. Người d&ugrave;ng c&oacute; t&ugrave;y chọn c&aacute;c phi&ecirc;n bản dung lượng gồm 128 GB, 256 GB, 512 GB v&agrave; 1TB. Thiết bị sử dụng phần khung titan thay v&igrave; th&eacute;p kh&ocirc;ng gỉ, mang đến một chiếc iPhone mạnh mẽ hơn, nhẹ hơn v&agrave; chống trầy tốt hơn, d&ugrave; l&agrave;m tăng khối lượng.</p>\r\n<p style=\"font-weight: 400;\">iPhone 14 Pro Max VN/A sẽ c&oacute; c&aacute;c lựa chọn m&agrave;u sắc: x&aacute;m than ch&igrave; (Graphite), bạc (Silver), v&agrave;ng (Gold), t&iacute;m (Purple), nhưng kh&ocirc;ng c&oacute; phi&ecirc;n bản m&agrave;u xanh Sierra Blue như năm ngo&aacute;i.</p>',0,1,3,20,'2023-07-11 11:16:25','2023-07-11 11:16:25',NULL),(11,'Samsung Galaxy S21FE 5G - Chính hãng','samsung-galaxy-s21fe-5g-chinh-hang','s21-fe-12.png','/storage/product/1/xB5oyG6TtnYN5bSQh3pE.png','10990000','9990000','<p><strong>C&ocirc;ng nghệ m&agrave;n h&igrave;nh::</strong>&nbsp;OLED</p>\r\n<p><strong>Độ ph&acirc;n giải::</strong>&nbsp;2796 x 1290 Pixels</p>\r\n<p><strong>M&agrave;n h&igrave;nh rộng::</strong>&nbsp;6.7\"</p>\r\n<p><strong>Độ ph&acirc;n giải:</strong>&nbsp;Ch&iacute;nh 48 MP &amp; Phụ 12 MP, 12 MP, 12 MP</p>\r\n<p><strong>Hệ điều h&agrave;nh:</strong>&nbsp;iOS 16</p>\r\n<p><strong>Chip xử l&yacute; (CPU):</strong>&nbsp;Apple A16 Bionic 6 nh&acirc;n</p>\r\n<p><strong>Bộ nhớ trong (ROM):</strong>&nbsp;128 GB</p>\r\n<p><strong>RAM:</strong>&nbsp;6 GB</p>\r\n<p><strong>Mạng di động:</strong>&nbsp;Hỗ trợ 5G</p>\r\n<p><strong>Số khe sim:</strong>&nbsp;1 Nano SIM &amp; 1 eSIM</p>\r\n<p><strong>Dung lượng pin:</strong>&nbsp;4323 mAh</p>','<p style=\"font-weight: 400;\">iPhone 14 Pro Max VN/A l&agrave; d&ograve;ng sản phẩm cao cấp nhất nằm trong thế hệ&nbsp;<a href=\"https://hoanghamobile.com/dien-thoai-di-dong/iphone/iphone-14-series\">iPhone 14 Series</a>&nbsp;mới vừa được ra mắt c&ugrave;ng với nhiều n&acirc;ng cấp về ngoại h&igrave;nh v&agrave; t&iacute;nh năng, hứa hẹn sẽ l&agrave; d&ograve;ng sản phẩm đột ph&aacute; trong v&agrave;i năm trở lại đ&acirc;y của Apple.</p>\r\n<p style=\"font-weight: 400;\">&nbsp;</p>\r\n<p style=\"font-weight: 400;\"><em>iPhone 14 Pro Max VN/A</em></p>\r\n<h2>Ph&aacute; vỡ thiết kế notch cổ điển</h2>\r\n<p style=\"font-weight: 400;\">Chiếc iPhone 14 Pro Max VN/A sở hữu m&agrave;n h&igrave;nh Super Retina XDR mới với ProMotion c&oacute; k&iacute;ch thước 6.7 inch. Tần số qu&eacute;t m&agrave;n h&igrave;nh sẽ giảm xuống 1 Hz để tiết kiệm pin, trong khi h&igrave;nh nền được l&agrave;m mờ. M&agrave;n h&igrave;nh ti&ecirc;n tiến cũng mang lại mức độ s&aacute;ng HDR cao nhất tương tự như Pro Display XDR v&agrave; ​​độ s&aacute;ng đỉnh ngo&agrave;i trời cao nhất trong điện thoại th&ocirc;ng minh: l&ecirc;n đến 2000 nits, s&aacute;ng gấp đ&ocirc;i so với người tiền nhiệm.</p>\r\n<p style=\"font-weight: 400;\">M&agrave;n h&igrave;nh trước l&agrave;m từ chất liệu Ceramic Shield - cứng hơn bất kỳ loại k&iacute;nh điện thoại th&ocirc;ng minh n&agrave;o - v&agrave; được bảo vệ khỏi c&aacute;c sự cố tr&agrave;n v&agrave; tai nạn th&ocirc;ng thường với khả năng chống nước v&agrave; bụi.</p>\r\n<p style=\"font-weight: 400;\">M&agrave;n h&igrave;nh Dynamic Island mới tr&ecirc;n d&ograve;ng iPhone 14 Pro được coi l&agrave; &yacute; tưởng thiết kế s&aacute;ng tạo, đem đến trải nghiệm độc đ&aacute;o. Apple đ&atilde; thay thế phần notch tr&ecirc;n d&ograve;ng sản phẩm &zwnj;iPhone 14 Pro&zwnj; bằng lỗ khuyết vi&ecirc;n thuốc v&agrave; đục lỗ. Một chi tiết mới quan trọng của việc thay thế notch xuất hiện trong tuần n&agrave;y l&agrave; khi thiết bị được sử dụng, c&aacute;c lỗ h&igrave;nh vi&ecirc;n thuốc v&agrave; lỗ đục lỗ sẽ hợp nhất bằng kỹ thuật số th&agrave;nh h&igrave;nh chữ i d&agrave;i hơn. Phần cắt n&agrave;y được Apple d&ugrave;ng để hiển thị th&ocirc;ng tin như c&aacute;c th&ocirc;ng b&aacute;o về quyền ri&ecirc;ng tư của iOS v&agrave; cụm cảm biến cho FaceID</p>\r\n<p style=\"font-weight: 400;\">Ngo&agrave;i ra, iPhone 14 Pro Max VN/A c&ograve;n c&oacute; t&iacute;nh năng Always On Display hay m&agrave;n h&igrave;nh lu&ocirc;n bật, đ&acirc;y l&agrave; một trong những t&iacute;nh năng kh&aacute; th&uacute; vị tr&ecirc;n c&aacute;c d&ograve;ng điện thoại hiện nay. T&iacute;nh năng n&agrave;y kh&ocirc;ng chỉ gi&uacute;p bạn nhận được th&ocirc;ng b&aacute;o từ c&aacute;c ứng dụng như đồng hồ, lịch, tin nhắn, cuộc gọi nhỡ, ứng dụng,... kể cả khi m&agrave;n h&igrave;nh điện thoại đ&atilde; tắt m&agrave; c&ograve;n gi&uacute;p điện thoại tiết kiệm pin đ&aacute;ng kể.</p>\r\n<h2>N&acirc;ng cấp đ&aacute;ng kể về camera</h2>\r\n<p style=\"font-weight: 400;\">Một trong những n&acirc;ng cấp m&agrave; người d&ugrave;ng tr&ocirc;ng đợi nhất từ d&ograve;ng iPhone 14 đ&oacute; ch&iacute;nh l&agrave; camera. Sau nhiều năm camera dặm ch&acirc;n ở con số 12MP, độ ph&acirc;n giải camera ch&iacute;nh của iPhone 14 Pro Max VN/A đ&atilde; được n&acirc;ng cấp l&ecirc;n th&agrave;nh 48MP c&ugrave;ng điểm ảnh 1,4&micro;m. Sự n&acirc;ng cấp n&agrave;y cho ph&eacute;p camera thu được nhiều &aacute;nh s&aacute;ng hơn khi chụp ảnh trong điều kiện &aacute;nh s&aacute;ng yếu.</p>\r\n<p style=\"font-weight: 400;\">&nbsp;</p>\r\n<p style=\"font-weight: 400;\"><em>iPhone 14 Pro Max VN/A c&oacute; n&acirc;ng cấp đ&aacute;ng kể về camera</em></p>\r\n<p style=\"font-weight: 400;\">&nbsp;</p>\r\n<p style=\"font-weight: 400;\">Ngo&agrave;i ra, điện thoại c&ograve;n hỗ trợ quay video 8K (ở tốc độ l&ecirc;n đến 60 khung h&igrave;nh/gi&acirc;y), kh&ocirc;ng chỉ đem lại h&igrave;nh ảnh sắc n&eacute;t hơn (như tăng chất lượng tr&ecirc;n video YouTube) m&agrave; c&ograve;n cho ph&eacute;p c&aacute;c nh&agrave; l&agrave;m phim cắt, ổn định v&agrave; điều chỉnh lại cảnh quay sau khi n&oacute; được quay.</p>\r\n<ul>\r\n<li style=\"font-weight: 400;\">M&aacute;y ảnh ch&iacute;nh được n&acirc;ng cấp l&ecirc;n th&agrave;nh 48MP c&ugrave;ng điểm ảnh 1,4&micro;m, đi k&egrave;m pixel-binning (kết hợp pixel với nhau) cho ph&eacute;p camera thu được nhiều &aacute;nh s&aacute;ng hơn v&agrave; giảm nhiễu</li>\r\n<li style=\"font-weight: 400;\">M&aacute;y ảnh 12MP Ultra Wide mới với điểm ảnh 1,4 &micro;m pixel, mang lại h&igrave;nh ảnh sắc n&eacute;t hơn với nhiều chi tiết hơn, cải thiện khả năng chụp ảnh macro vốn đ&atilde; mạnh mẽ.</li>\r\n<li style=\"font-weight: 400;\">M&aacute;y ảnh tele cải tiến c&oacute; khả năng zoom quang học 3x.</li>\r\n<li style=\"font-weight: 400;\">Một camera TrueDepth ph&iacute;a trước mới với khẩu độ &fnof; / 1.9 cho ph&eacute;p chụp ảnh v&agrave; quay video trong điều kiện &aacute;nh s&aacute;ng yếu tốt hơn. Sử dụng lấy n&eacute;t tự động lần đầu ti&ecirc;n, n&oacute; c&oacute; thể lấy n&eacute;t nhanh hơn nữa trong điều kiện &aacute;nh s&aacute;ng yếu v&agrave; chụp ảnh nh&oacute;m từ xa hơn.</li>\r\n<li style=\"font-weight: 400;\">Đ&egrave;n flash True Tone th&iacute;ch ứng mới đ&atilde; được thiết kế lại ho&agrave;n to&agrave;n với một d&atilde;y ch&iacute;n đ&egrave;n LED thay đổi kiểu dựa tr&ecirc;n độ d&agrave;i ti&ecirc;u cự đ&atilde; chọn.</li>\r\n<li style=\"font-weight: 400;\">Hỗ trợ chụp ảnh ti&ecirc;n tiến như Chế độ ban đ&ecirc;m, Smart HDR 4, Chế độ ch&acirc;n dung với &Aacute;nh s&aacute;ng ch&acirc;n dung, Chế độ ban đ&ecirc;m Ảnh ch&acirc;n dung, Kiểu chụp ảnh để c&aacute; nh&acirc;n h&oacute;a giao diện của mọi bức ảnh v&agrave; Apple ProRAW.</li>\r\n<li style=\"font-weight: 400;\">Chế độ Action mới cho video tr&ocirc;ng cực kỳ mượt m&agrave; c&oacute; thể giảm độ rung, cho ra những khung h&igrave;nh mượt m&agrave; sống động</li>\r\n<li style=\"font-weight: 400;\">Chế độ Cinematic, hiện c&oacute; sẵn ở 4K ở tốc độ 30 khung h&igrave;nh / gi&acirc;y v&agrave; 4K ở tốc độ 24 khung h&igrave;nh / gi&acirc;y.</li>\r\n<li style=\"font-weight: 400;\">T&iacute;nh năng định dạng video chuy&ecirc;n nghiệp, bao gồm ProRes3 v&agrave; Dolby Vision HDR đầu cuối.</li>\r\n</ul>\r\n<h2>Bộ vi xử l&yacute; A16 cực xịn</h2>\r\n<p style=\"font-weight: 400;\">iPhone 14 Pro Max VN/A sử dụng bộ vi xử l&yacute; Apple A16 Bionic được xử l&yacute; tr&ecirc;n tiến tr&igrave;nh 4nm. Với bộ xử l&yacute; neural 16 nh&acirc;n tr&ecirc;n chip n&agrave;y, b&ecirc;n cạnh bộ xử l&yacute; m&agrave;n h&igrave;nh ho&agrave;n to&agrave;n mới để hỗ trợ đẩy tần số qu&eacute;t xuống 1Hz, xử l&yacute; t&iacute;nh năng always-on v&agrave; gi&uacute;p Dynamic Island hoạt động mượt m&agrave;.Thiết bị c&oacute; RAM 6GB sử dụng c&ocirc;ng nghệ LPDDR5 cải tiến về tốc độ truyền v&agrave; điện năng ti&ecirc;u thụ.</p>\r\n<p style=\"font-weight: 400;\">&nbsp;</p>\r\n<p style=\"font-weight: 400;\"><em>iPhone 14 Pro Max VN/A</em></p>\r\n<h2>T&iacute;nh năng điện thoại vệ tinh</h2>\r\n<p style=\"font-weight: 400;\">Điểm độc đ&aacute;o tr&ecirc;n thế hệ&nbsp;<a href=\"https://hoanghamobile.com/dien-thoai-di-dong/iphone/iphone-14-series\">iPhone 14 Series</a>&nbsp;ch&iacute;nh l&agrave; điện thoại vệ tinh hỗ trợ người d&ugrave;ng trong việc li&ecirc;n lạc bằng c&aacute;ch kết nối với c&aacute;c trạm vệ tinh xoay quanh quỹ đạo m&agrave; kh&ocirc;ng cần s&oacute;ng của nh&agrave; mạng.</p>\r\n<p style=\"font-weight: 400;\">iPhone 14 Pro Max VN/A c&oacute; dung lượng 4.323 mAh &ndash; thấp hơn một ch&uacute;t so với mức 4.352 mAh của 13 Pro Max. Ngo&agrave;i ra, thiết bị được trang bị sạc nhanh với c&ocirc;ng suất 30W, cao hơn đ&aacute;ng kể so với mức sạc 20W cũ.</p>\r\n<p style=\"font-weight: 400;\">iPhone 14 Pro Max VN/A hiện l&agrave; chiếc flagship c&oacute; trọng lượng nặng nhất tr&ecirc;n thị trường với khối lượng 255 gram, cao hơn 15 gram so với thế hệ trước. Người d&ugrave;ng c&oacute; t&ugrave;y chọn c&aacute;c phi&ecirc;n bản dung lượng gồm 128 GB, 256 GB, 512 GB v&agrave; 1TB. Thiết bị sử dụng phần khung titan thay v&igrave; th&eacute;p kh&ocirc;ng gỉ, mang đến một chiếc iPhone mạnh mẽ hơn, nhẹ hơn v&agrave; chống trầy tốt hơn, d&ugrave; l&agrave;m tăng khối lượng.</p>\r\n<p style=\"font-weight: 400;\">iPhone 14 Pro Max VN/A sẽ c&oacute; c&aacute;c lựa chọn m&agrave;u sắc: x&aacute;m than ch&igrave; (Graphite), bạc (Silver), v&agrave;ng (Gold), t&iacute;m (Purple), nhưng kh&ocirc;ng c&oacute; phi&ecirc;n bản m&agrave;u xanh Sierra Blue như năm ngo&aacute;i.</p>',0,1,3,11,'2023-07-11 11:16:35','2023-07-11 21:01:01',NULL),(12,'Samsung Galaxy S21FE 5G - Chính hãng','samsung-galaxy-s21fe-5g-chinh-hang','s21-fe-14.png','/storage/product/1/ulXXY4RR5nDVkvdbH7GK.png','10990000','9990000','<p><strong>C&ocirc;ng nghệ m&agrave;n h&igrave;nh::</strong>&nbsp;OLED</p>\r\n<p><strong>Độ ph&acirc;n giải::</strong>&nbsp;2796 x 1290 Pixels</p>\r\n<p><strong>M&agrave;n h&igrave;nh rộng::</strong>&nbsp;6.7\"</p>\r\n<p><strong>Độ ph&acirc;n giải:</strong>&nbsp;Ch&iacute;nh 48 MP &amp; Phụ 12 MP, 12 MP, 12 MP</p>\r\n<p><strong>Hệ điều h&agrave;nh:</strong>&nbsp;iOS 16</p>\r\n<p><strong>Chip xử l&yacute; (CPU):</strong>&nbsp;Apple A16 Bionic 6 nh&acirc;n</p>\r\n<p><strong>Bộ nhớ trong (ROM):</strong>&nbsp;128 GB</p>\r\n<p><strong>RAM:</strong>&nbsp;6 GB</p>\r\n<p><strong>Mạng di động:</strong>&nbsp;Hỗ trợ 5G</p>\r\n<p><strong>Số khe sim:</strong>&nbsp;1 Nano SIM &amp; 1 eSIM</p>\r\n<p><strong>Dung lượng pin:</strong>&nbsp;4323 mAh</p>','<p style=\"font-weight: 400;\">iPhone 14 Pro Max VN/A l&agrave; d&ograve;ng sản phẩm cao cấp nhất nằm trong thế hệ&nbsp;<a href=\"https://hoanghamobile.com/dien-thoai-di-dong/iphone/iphone-14-series\">iPhone 14 Series</a>&nbsp;mới vừa được ra mắt c&ugrave;ng với nhiều n&acirc;ng cấp về ngoại h&igrave;nh v&agrave; t&iacute;nh năng, hứa hẹn sẽ l&agrave; d&ograve;ng sản phẩm đột ph&aacute; trong v&agrave;i năm trở lại đ&acirc;y của Apple.</p>\r\n<p style=\"font-weight: 400;\">&nbsp;</p>\r\n<p style=\"font-weight: 400;\"><em>iPhone 14 Pro Max VN/A</em></p>\r\n<h2>Ph&aacute; vỡ thiết kế notch cổ điển</h2>\r\n<p style=\"font-weight: 400;\">Chiếc iPhone 14 Pro Max VN/A sở hữu m&agrave;n h&igrave;nh Super Retina XDR mới với ProMotion c&oacute; k&iacute;ch thước 6.7 inch. Tần số qu&eacute;t m&agrave;n h&igrave;nh sẽ giảm xuống 1 Hz để tiết kiệm pin, trong khi h&igrave;nh nền được l&agrave;m mờ. M&agrave;n h&igrave;nh ti&ecirc;n tiến cũng mang lại mức độ s&aacute;ng HDR cao nhất tương tự như Pro Display XDR v&agrave; ​​độ s&aacute;ng đỉnh ngo&agrave;i trời cao nhất trong điện thoại th&ocirc;ng minh: l&ecirc;n đến 2000 nits, s&aacute;ng gấp đ&ocirc;i so với người tiền nhiệm.</p>\r\n<p style=\"font-weight: 400;\">M&agrave;n h&igrave;nh trước l&agrave;m từ chất liệu Ceramic Shield - cứng hơn bất kỳ loại k&iacute;nh điện thoại th&ocirc;ng minh n&agrave;o - v&agrave; được bảo vệ khỏi c&aacute;c sự cố tr&agrave;n v&agrave; tai nạn th&ocirc;ng thường với khả năng chống nước v&agrave; bụi.</p>\r\n<p style=\"font-weight: 400;\">M&agrave;n h&igrave;nh Dynamic Island mới tr&ecirc;n d&ograve;ng iPhone 14 Pro được coi l&agrave; &yacute; tưởng thiết kế s&aacute;ng tạo, đem đến trải nghiệm độc đ&aacute;o. Apple đ&atilde; thay thế phần notch tr&ecirc;n d&ograve;ng sản phẩm &zwnj;iPhone 14 Pro&zwnj; bằng lỗ khuyết vi&ecirc;n thuốc v&agrave; đục lỗ. Một chi tiết mới quan trọng của việc thay thế notch xuất hiện trong tuần n&agrave;y l&agrave; khi thiết bị được sử dụng, c&aacute;c lỗ h&igrave;nh vi&ecirc;n thuốc v&agrave; lỗ đục lỗ sẽ hợp nhất bằng kỹ thuật số th&agrave;nh h&igrave;nh chữ i d&agrave;i hơn. Phần cắt n&agrave;y được Apple d&ugrave;ng để hiển thị th&ocirc;ng tin như c&aacute;c th&ocirc;ng b&aacute;o về quyền ri&ecirc;ng tư của iOS v&agrave; cụm cảm biến cho FaceID</p>\r\n<p style=\"font-weight: 400;\">Ngo&agrave;i ra, iPhone 14 Pro Max VN/A c&ograve;n c&oacute; t&iacute;nh năng Always On Display hay m&agrave;n h&igrave;nh lu&ocirc;n bật, đ&acirc;y l&agrave; một trong những t&iacute;nh năng kh&aacute; th&uacute; vị tr&ecirc;n c&aacute;c d&ograve;ng điện thoại hiện nay. T&iacute;nh năng n&agrave;y kh&ocirc;ng chỉ gi&uacute;p bạn nhận được th&ocirc;ng b&aacute;o từ c&aacute;c ứng dụng như đồng hồ, lịch, tin nhắn, cuộc gọi nhỡ, ứng dụng,... kể cả khi m&agrave;n h&igrave;nh điện thoại đ&atilde; tắt m&agrave; c&ograve;n gi&uacute;p điện thoại tiết kiệm pin đ&aacute;ng kể.</p>\r\n<h2>N&acirc;ng cấp đ&aacute;ng kể về camera</h2>\r\n<p style=\"font-weight: 400;\">Một trong những n&acirc;ng cấp m&agrave; người d&ugrave;ng tr&ocirc;ng đợi nhất từ d&ograve;ng iPhone 14 đ&oacute; ch&iacute;nh l&agrave; camera. Sau nhiều năm camera dặm ch&acirc;n ở con số 12MP, độ ph&acirc;n giải camera ch&iacute;nh của iPhone 14 Pro Max VN/A đ&atilde; được n&acirc;ng cấp l&ecirc;n th&agrave;nh 48MP c&ugrave;ng điểm ảnh 1,4&micro;m. Sự n&acirc;ng cấp n&agrave;y cho ph&eacute;p camera thu được nhiều &aacute;nh s&aacute;ng hơn khi chụp ảnh trong điều kiện &aacute;nh s&aacute;ng yếu.</p>\r\n<p style=\"font-weight: 400;\">&nbsp;</p>\r\n<p style=\"font-weight: 400;\"><em>iPhone 14 Pro Max VN/A c&oacute; n&acirc;ng cấp đ&aacute;ng kể về camera</em></p>\r\n<p style=\"font-weight: 400;\">&nbsp;</p>\r\n<p style=\"font-weight: 400;\">Ngo&agrave;i ra, điện thoại c&ograve;n hỗ trợ quay video 8K (ở tốc độ l&ecirc;n đến 60 khung h&igrave;nh/gi&acirc;y), kh&ocirc;ng chỉ đem lại h&igrave;nh ảnh sắc n&eacute;t hơn (như tăng chất lượng tr&ecirc;n video YouTube) m&agrave; c&ograve;n cho ph&eacute;p c&aacute;c nh&agrave; l&agrave;m phim cắt, ổn định v&agrave; điều chỉnh lại cảnh quay sau khi n&oacute; được quay.</p>\r\n<ul>\r\n<li style=\"font-weight: 400;\">M&aacute;y ảnh ch&iacute;nh được n&acirc;ng cấp l&ecirc;n th&agrave;nh 48MP c&ugrave;ng điểm ảnh 1,4&micro;m, đi k&egrave;m pixel-binning (kết hợp pixel với nhau) cho ph&eacute;p camera thu được nhiều &aacute;nh s&aacute;ng hơn v&agrave; giảm nhiễu</li>\r\n<li style=\"font-weight: 400;\">M&aacute;y ảnh 12MP Ultra Wide mới với điểm ảnh 1,4 &micro;m pixel, mang lại h&igrave;nh ảnh sắc n&eacute;t hơn với nhiều chi tiết hơn, cải thiện khả năng chụp ảnh macro vốn đ&atilde; mạnh mẽ.</li>\r\n<li style=\"font-weight: 400;\">M&aacute;y ảnh tele cải tiến c&oacute; khả năng zoom quang học 3x.</li>\r\n<li style=\"font-weight: 400;\">Một camera TrueDepth ph&iacute;a trước mới với khẩu độ &fnof; / 1.9 cho ph&eacute;p chụp ảnh v&agrave; quay video trong điều kiện &aacute;nh s&aacute;ng yếu tốt hơn. Sử dụng lấy n&eacute;t tự động lần đầu ti&ecirc;n, n&oacute; c&oacute; thể lấy n&eacute;t nhanh hơn nữa trong điều kiện &aacute;nh s&aacute;ng yếu v&agrave; chụp ảnh nh&oacute;m từ xa hơn.</li>\r\n<li style=\"font-weight: 400;\">Đ&egrave;n flash True Tone th&iacute;ch ứng mới đ&atilde; được thiết kế lại ho&agrave;n to&agrave;n với một d&atilde;y ch&iacute;n đ&egrave;n LED thay đổi kiểu dựa tr&ecirc;n độ d&agrave;i ti&ecirc;u cự đ&atilde; chọn.</li>\r\n<li style=\"font-weight: 400;\">Hỗ trợ chụp ảnh ti&ecirc;n tiến như Chế độ ban đ&ecirc;m, Smart HDR 4, Chế độ ch&acirc;n dung với &Aacute;nh s&aacute;ng ch&acirc;n dung, Chế độ ban đ&ecirc;m Ảnh ch&acirc;n dung, Kiểu chụp ảnh để c&aacute; nh&acirc;n h&oacute;a giao diện của mọi bức ảnh v&agrave; Apple ProRAW.</li>\r\n<li style=\"font-weight: 400;\">Chế độ Action mới cho video tr&ocirc;ng cực kỳ mượt m&agrave; c&oacute; thể giảm độ rung, cho ra những khung h&igrave;nh mượt m&agrave; sống động</li>\r\n<li style=\"font-weight: 400;\">Chế độ Cinematic, hiện c&oacute; sẵn ở 4K ở tốc độ 30 khung h&igrave;nh / gi&acirc;y v&agrave; 4K ở tốc độ 24 khung h&igrave;nh / gi&acirc;y.</li>\r\n<li style=\"font-weight: 400;\">T&iacute;nh năng định dạng video chuy&ecirc;n nghiệp, bao gồm ProRes3 v&agrave; Dolby Vision HDR đầu cuối.</li>\r\n</ul>\r\n<h2>Bộ vi xử l&yacute; A16 cực xịn</h2>\r\n<p style=\"font-weight: 400;\">iPhone 14 Pro Max VN/A sử dụng bộ vi xử l&yacute; Apple A16 Bionic được xử l&yacute; tr&ecirc;n tiến tr&igrave;nh 4nm. Với bộ xử l&yacute; neural 16 nh&acirc;n tr&ecirc;n chip n&agrave;y, b&ecirc;n cạnh bộ xử l&yacute; m&agrave;n h&igrave;nh ho&agrave;n to&agrave;n mới để hỗ trợ đẩy tần số qu&eacute;t xuống 1Hz, xử l&yacute; t&iacute;nh năng always-on v&agrave; gi&uacute;p Dynamic Island hoạt động mượt m&agrave;.Thiết bị c&oacute; RAM 6GB sử dụng c&ocirc;ng nghệ LPDDR5 cải tiến về tốc độ truyền v&agrave; điện năng ti&ecirc;u thụ.</p>\r\n<p style=\"font-weight: 400;\">&nbsp;</p>\r\n<p style=\"font-weight: 400;\"><em>iPhone 14 Pro Max VN/A</em></p>\r\n<h2>T&iacute;nh năng điện thoại vệ tinh</h2>\r\n<p style=\"font-weight: 400;\">Điểm độc đ&aacute;o tr&ecirc;n thế hệ&nbsp;<a href=\"https://hoanghamobile.com/dien-thoai-di-dong/iphone/iphone-14-series\">iPhone 14 Series</a>&nbsp;ch&iacute;nh l&agrave; điện thoại vệ tinh hỗ trợ người d&ugrave;ng trong việc li&ecirc;n lạc bằng c&aacute;ch kết nối với c&aacute;c trạm vệ tinh xoay quanh quỹ đạo m&agrave; kh&ocirc;ng cần s&oacute;ng của nh&agrave; mạng.</p>\r\n<p style=\"font-weight: 400;\">iPhone 14 Pro Max VN/A c&oacute; dung lượng 4.323 mAh &ndash; thấp hơn một ch&uacute;t so với mức 4.352 mAh của 13 Pro Max. Ngo&agrave;i ra, thiết bị được trang bị sạc nhanh với c&ocirc;ng suất 30W, cao hơn đ&aacute;ng kể so với mức sạc 20W cũ.</p>\r\n<p style=\"font-weight: 400;\">iPhone 14 Pro Max VN/A hiện l&agrave; chiếc flagship c&oacute; trọng lượng nặng nhất tr&ecirc;n thị trường với khối lượng 255 gram, cao hơn 15 gram so với thế hệ trước. Người d&ugrave;ng c&oacute; t&ugrave;y chọn c&aacute;c phi&ecirc;n bản dung lượng gồm 128 GB, 256 GB, 512 GB v&agrave; 1TB. Thiết bị sử dụng phần khung titan thay v&igrave; th&eacute;p kh&ocirc;ng gỉ, mang đến một chiếc iPhone mạnh mẽ hơn, nhẹ hơn v&agrave; chống trầy tốt hơn, d&ugrave; l&agrave;m tăng khối lượng.</p>\r\n<p style=\"font-weight: 400;\">iPhone 14 Pro Max VN/A sẽ c&oacute; c&aacute;c lựa chọn m&agrave;u sắc: x&aacute;m than ch&igrave; (Graphite), bạc (Silver), v&agrave;ng (Gold), t&iacute;m (Purple), nhưng kh&ocirc;ng c&oacute; phi&ecirc;n bản m&agrave;u xanh Sierra Blue như năm ngo&aacute;i.</p>',1,1,3,20,'2023-07-11 11:16:54','2023-07-11 11:16:54',NULL),(13,'Samsung Galaxy S22 ULTRA 5G - Chính hãng','samsung-galaxy-s22-ultra-5g-chinh-hang','image-removebg-preview-11.png','/storage/product/1/AjPgTemdTCVWAwNqSSXi.png','10990000','9990000','<p><strong>C&ocirc;ng nghệ m&agrave;n h&igrave;nh::</strong>&nbsp;OLED</p>\r\n<p><strong>Độ ph&acirc;n giải::</strong>&nbsp;2796 x 1290 Pixels</p>\r\n<p><strong>M&agrave;n h&igrave;nh rộng::</strong>&nbsp;6.7\"</p>\r\n<p><strong>Độ ph&acirc;n giải:</strong>&nbsp;Ch&iacute;nh 48 MP &amp; Phụ 12 MP, 12 MP, 12 MP</p>\r\n<p><strong>Hệ điều h&agrave;nh:</strong>&nbsp;iOS 16</p>\r\n<p><strong>Chip xử l&yacute; (CPU):</strong>&nbsp;Apple A16 Bionic 6 nh&acirc;n</p>\r\n<p><strong>Bộ nhớ trong (ROM):</strong>&nbsp;128 GB</p>\r\n<p><strong>RAM:</strong>&nbsp;6 GB</p>\r\n<p><strong>Mạng di động:</strong>&nbsp;Hỗ trợ 5G</p>\r\n<p><strong>Số khe sim:</strong>&nbsp;1 Nano SIM &amp; 1 eSIM</p>\r\n<p><strong>Dung lượng pin:</strong>&nbsp;4323 mAh</p>','<p style=\"font-weight: 400;\">iPhone 14 Pro Max VN/A l&agrave; d&ograve;ng sản phẩm cao cấp nhất nằm trong thế hệ&nbsp;<a href=\"https://hoanghamobile.com/dien-thoai-di-dong/iphone/iphone-14-series\">iPhone 14 Series</a>&nbsp;mới vừa được ra mắt c&ugrave;ng với nhiều n&acirc;ng cấp về ngoại h&igrave;nh v&agrave; t&iacute;nh năng, hứa hẹn sẽ l&agrave; d&ograve;ng sản phẩm đột ph&aacute; trong v&agrave;i năm trở lại đ&acirc;y của Apple.</p>\r\n<p style=\"font-weight: 400;\">&nbsp;</p>\r\n<p style=\"font-weight: 400;\"><em>iPhone 14 Pro Max VN/A</em></p>\r\n<h2>Ph&aacute; vỡ thiết kế notch cổ điển</h2>\r\n<p style=\"font-weight: 400;\">Chiếc iPhone 14 Pro Max VN/A sở hữu m&agrave;n h&igrave;nh Super Retina XDR mới với ProMotion c&oacute; k&iacute;ch thước 6.7 inch. Tần số qu&eacute;t m&agrave;n h&igrave;nh sẽ giảm xuống 1 Hz để tiết kiệm pin, trong khi h&igrave;nh nền được l&agrave;m mờ. M&agrave;n h&igrave;nh ti&ecirc;n tiến cũng mang lại mức độ s&aacute;ng HDR cao nhất tương tự như Pro Display XDR v&agrave; ​​độ s&aacute;ng đỉnh ngo&agrave;i trời cao nhất trong điện thoại th&ocirc;ng minh: l&ecirc;n đến 2000 nits, s&aacute;ng gấp đ&ocirc;i so với người tiền nhiệm.</p>\r\n<p style=\"font-weight: 400;\">M&agrave;n h&igrave;nh trước l&agrave;m từ chất liệu Ceramic Shield - cứng hơn bất kỳ loại k&iacute;nh điện thoại th&ocirc;ng minh n&agrave;o - v&agrave; được bảo vệ khỏi c&aacute;c sự cố tr&agrave;n v&agrave; tai nạn th&ocirc;ng thường với khả năng chống nước v&agrave; bụi.</p>\r\n<p style=\"font-weight: 400;\">M&agrave;n h&igrave;nh Dynamic Island mới tr&ecirc;n d&ograve;ng iPhone 14 Pro được coi l&agrave; &yacute; tưởng thiết kế s&aacute;ng tạo, đem đến trải nghiệm độc đ&aacute;o. Apple đ&atilde; thay thế phần notch tr&ecirc;n d&ograve;ng sản phẩm &zwnj;iPhone 14 Pro&zwnj; bằng lỗ khuyết vi&ecirc;n thuốc v&agrave; đục lỗ. Một chi tiết mới quan trọng của việc thay thế notch xuất hiện trong tuần n&agrave;y l&agrave; khi thiết bị được sử dụng, c&aacute;c lỗ h&igrave;nh vi&ecirc;n thuốc v&agrave; lỗ đục lỗ sẽ hợp nhất bằng kỹ thuật số th&agrave;nh h&igrave;nh chữ i d&agrave;i hơn. Phần cắt n&agrave;y được Apple d&ugrave;ng để hiển thị th&ocirc;ng tin như c&aacute;c th&ocirc;ng b&aacute;o về quyền ri&ecirc;ng tư của iOS v&agrave; cụm cảm biến cho FaceID</p>\r\n<p style=\"font-weight: 400;\">Ngo&agrave;i ra, iPhone 14 Pro Max VN/A c&ograve;n c&oacute; t&iacute;nh năng Always On Display hay m&agrave;n h&igrave;nh lu&ocirc;n bật, đ&acirc;y l&agrave; một trong những t&iacute;nh năng kh&aacute; th&uacute; vị tr&ecirc;n c&aacute;c d&ograve;ng điện thoại hiện nay. T&iacute;nh năng n&agrave;y kh&ocirc;ng chỉ gi&uacute;p bạn nhận được th&ocirc;ng b&aacute;o từ c&aacute;c ứng dụng như đồng hồ, lịch, tin nhắn, cuộc gọi nhỡ, ứng dụng,... kể cả khi m&agrave;n h&igrave;nh điện thoại đ&atilde; tắt m&agrave; c&ograve;n gi&uacute;p điện thoại tiết kiệm pin đ&aacute;ng kể.</p>\r\n<h2>N&acirc;ng cấp đ&aacute;ng kể về camera</h2>\r\n<p style=\"font-weight: 400;\">Một trong những n&acirc;ng cấp m&agrave; người d&ugrave;ng tr&ocirc;ng đợi nhất từ d&ograve;ng iPhone 14 đ&oacute; ch&iacute;nh l&agrave; camera. Sau nhiều năm camera dặm ch&acirc;n ở con số 12MP, độ ph&acirc;n giải camera ch&iacute;nh của iPhone 14 Pro Max VN/A đ&atilde; được n&acirc;ng cấp l&ecirc;n th&agrave;nh 48MP c&ugrave;ng điểm ảnh 1,4&micro;m. Sự n&acirc;ng cấp n&agrave;y cho ph&eacute;p camera thu được nhiều &aacute;nh s&aacute;ng hơn khi chụp ảnh trong điều kiện &aacute;nh s&aacute;ng yếu.</p>\r\n<p style=\"font-weight: 400;\">&nbsp;</p>\r\n<p style=\"font-weight: 400;\"><em>iPhone 14 Pro Max VN/A c&oacute; n&acirc;ng cấp đ&aacute;ng kể về camera</em></p>\r\n<p style=\"font-weight: 400;\">&nbsp;</p>\r\n<p style=\"font-weight: 400;\">Ngo&agrave;i ra, điện thoại c&ograve;n hỗ trợ quay video 8K (ở tốc độ l&ecirc;n đến 60 khung h&igrave;nh/gi&acirc;y), kh&ocirc;ng chỉ đem lại h&igrave;nh ảnh sắc n&eacute;t hơn (như tăng chất lượng tr&ecirc;n video YouTube) m&agrave; c&ograve;n cho ph&eacute;p c&aacute;c nh&agrave; l&agrave;m phim cắt, ổn định v&agrave; điều chỉnh lại cảnh quay sau khi n&oacute; được quay.</p>\r\n<ul>\r\n<li style=\"font-weight: 400;\">M&aacute;y ảnh ch&iacute;nh được n&acirc;ng cấp l&ecirc;n th&agrave;nh 48MP c&ugrave;ng điểm ảnh 1,4&micro;m, đi k&egrave;m pixel-binning (kết hợp pixel với nhau) cho ph&eacute;p camera thu được nhiều &aacute;nh s&aacute;ng hơn v&agrave; giảm nhiễu</li>\r\n<li style=\"font-weight: 400;\">M&aacute;y ảnh 12MP Ultra Wide mới với điểm ảnh 1,4 &micro;m pixel, mang lại h&igrave;nh ảnh sắc n&eacute;t hơn với nhiều chi tiết hơn, cải thiện khả năng chụp ảnh macro vốn đ&atilde; mạnh mẽ.</li>\r\n<li style=\"font-weight: 400;\">M&aacute;y ảnh tele cải tiến c&oacute; khả năng zoom quang học 3x.</li>\r\n<li style=\"font-weight: 400;\">Một camera TrueDepth ph&iacute;a trước mới với khẩu độ &fnof; / 1.9 cho ph&eacute;p chụp ảnh v&agrave; quay video trong điều kiện &aacute;nh s&aacute;ng yếu tốt hơn. Sử dụng lấy n&eacute;t tự động lần đầu ti&ecirc;n, n&oacute; c&oacute; thể lấy n&eacute;t nhanh hơn nữa trong điều kiện &aacute;nh s&aacute;ng yếu v&agrave; chụp ảnh nh&oacute;m từ xa hơn.</li>\r\n<li style=\"font-weight: 400;\">Đ&egrave;n flash True Tone th&iacute;ch ứng mới đ&atilde; được thiết kế lại ho&agrave;n to&agrave;n với một d&atilde;y ch&iacute;n đ&egrave;n LED thay đổi kiểu dựa tr&ecirc;n độ d&agrave;i ti&ecirc;u cự đ&atilde; chọn.</li>\r\n<li style=\"font-weight: 400;\">Hỗ trợ chụp ảnh ti&ecirc;n tiến như Chế độ ban đ&ecirc;m, Smart HDR 4, Chế độ ch&acirc;n dung với &Aacute;nh s&aacute;ng ch&acirc;n dung, Chế độ ban đ&ecirc;m Ảnh ch&acirc;n dung, Kiểu chụp ảnh để c&aacute; nh&acirc;n h&oacute;a giao diện của mọi bức ảnh v&agrave; Apple ProRAW.</li>\r\n<li style=\"font-weight: 400;\">Chế độ Action mới cho video tr&ocirc;ng cực kỳ mượt m&agrave; c&oacute; thể giảm độ rung, cho ra những khung h&igrave;nh mượt m&agrave; sống động</li>\r\n<li style=\"font-weight: 400;\">Chế độ Cinematic, hiện c&oacute; sẵn ở 4K ở tốc độ 30 khung h&igrave;nh / gi&acirc;y v&agrave; 4K ở tốc độ 24 khung h&igrave;nh / gi&acirc;y.</li>\r\n<li style=\"font-weight: 400;\">T&iacute;nh năng định dạng video chuy&ecirc;n nghiệp, bao gồm ProRes3 v&agrave; Dolby Vision HDR đầu cuối.</li>\r\n</ul>\r\n<h2>Bộ vi xử l&yacute; A16 cực xịn</h2>\r\n<p style=\"font-weight: 400;\">iPhone 14 Pro Max VN/A sử dụng bộ vi xử l&yacute; Apple A16 Bionic được xử l&yacute; tr&ecirc;n tiến tr&igrave;nh 4nm. Với bộ xử l&yacute; neural 16 nh&acirc;n tr&ecirc;n chip n&agrave;y, b&ecirc;n cạnh bộ xử l&yacute; m&agrave;n h&igrave;nh ho&agrave;n to&agrave;n mới để hỗ trợ đẩy tần số qu&eacute;t xuống 1Hz, xử l&yacute; t&iacute;nh năng always-on v&agrave; gi&uacute;p Dynamic Island hoạt động mượt m&agrave;.Thiết bị c&oacute; RAM 6GB sử dụng c&ocirc;ng nghệ LPDDR5 cải tiến về tốc độ truyền v&agrave; điện năng ti&ecirc;u thụ.</p>\r\n<p style=\"font-weight: 400;\">&nbsp;</p>\r\n<p style=\"font-weight: 400;\"><em>iPhone 14 Pro Max VN/A</em></p>\r\n<h2>T&iacute;nh năng điện thoại vệ tinh</h2>\r\n<p style=\"font-weight: 400;\">Điểm độc đ&aacute;o tr&ecirc;n thế hệ&nbsp;<a href=\"https://hoanghamobile.com/dien-thoai-di-dong/iphone/iphone-14-series\">iPhone 14 Series</a>&nbsp;ch&iacute;nh l&agrave; điện thoại vệ tinh hỗ trợ người d&ugrave;ng trong việc li&ecirc;n lạc bằng c&aacute;ch kết nối với c&aacute;c trạm vệ tinh xoay quanh quỹ đạo m&agrave; kh&ocirc;ng cần s&oacute;ng của nh&agrave; mạng.</p>\r\n<p style=\"font-weight: 400;\">iPhone 14 Pro Max VN/A c&oacute; dung lượng 4.323 mAh &ndash; thấp hơn một ch&uacute;t so với mức 4.352 mAh của 13 Pro Max. Ngo&agrave;i ra, thiết bị được trang bị sạc nhanh với c&ocirc;ng suất 30W, cao hơn đ&aacute;ng kể so với mức sạc 20W cũ.</p>\r\n<p style=\"font-weight: 400;\">iPhone 14 Pro Max VN/A hiện l&agrave; chiếc flagship c&oacute; trọng lượng nặng nhất tr&ecirc;n thị trường với khối lượng 255 gram, cao hơn 15 gram so với thế hệ trước. Người d&ugrave;ng c&oacute; t&ugrave;y chọn c&aacute;c phi&ecirc;n bản dung lượng gồm 128 GB, 256 GB, 512 GB v&agrave; 1TB. Thiết bị sử dụng phần khung titan thay v&igrave; th&eacute;p kh&ocirc;ng gỉ, mang đến một chiếc iPhone mạnh mẽ hơn, nhẹ hơn v&agrave; chống trầy tốt hơn, d&ugrave; l&agrave;m tăng khối lượng.</p>\r\n<p style=\"font-weight: 400;\">iPhone 14 Pro Max VN/A sẽ c&oacute; c&aacute;c lựa chọn m&agrave;u sắc: x&aacute;m than ch&igrave; (Graphite), bạc (Silver), v&agrave;ng (Gold), t&iacute;m (Purple), nhưng kh&ocirc;ng c&oacute; phi&ecirc;n bản m&agrave;u xanh Sierra Blue như năm ngo&aacute;i.</p>',1,1,3,20,'2023-07-11 11:17:34','2023-07-11 11:17:34',NULL),(14,'Samsung Galaxy S22 ULTRA 5G - Chính hãng','samsung-galaxy-s22-ultra-5g-chinh-hang','image-removebg-preview-19.png','/storage/product/1/ZnrnaRHfdWm8ECFITIdN.png','10990000','9990000','<p><strong>C&ocirc;ng nghệ m&agrave;n h&igrave;nh::</strong>&nbsp;OLED</p>\r\n<p><strong>Độ ph&acirc;n giải::</strong>&nbsp;2796 x 1290 Pixels</p>\r\n<p><strong>M&agrave;n h&igrave;nh rộng::</strong>&nbsp;6.7\"</p>\r\n<p><strong>Độ ph&acirc;n giải:</strong>&nbsp;Ch&iacute;nh 48 MP &amp; Phụ 12 MP, 12 MP, 12 MP</p>\r\n<p><strong>Hệ điều h&agrave;nh:</strong>&nbsp;iOS 16</p>\r\n<p><strong>Chip xử l&yacute; (CPU):</strong>&nbsp;Apple A16 Bionic 6 nh&acirc;n</p>\r\n<p><strong>Bộ nhớ trong (ROM):</strong>&nbsp;128 GB</p>\r\n<p><strong>RAM:</strong>&nbsp;6 GB</p>\r\n<p><strong>Mạng di động:</strong>&nbsp;Hỗ trợ 5G</p>\r\n<p><strong>Số khe sim:</strong>&nbsp;1 Nano SIM &amp; 1 eSIM</p>\r\n<p><strong>Dung lượng pin:</strong>&nbsp;4323 mAh</p>','<p style=\"font-weight: 400;\">iPhone 14 Pro Max VN/A l&agrave; d&ograve;ng sản phẩm cao cấp nhất nằm trong thế hệ&nbsp;<a href=\"https://hoanghamobile.com/dien-thoai-di-dong/iphone/iphone-14-series\">iPhone 14 Series</a>&nbsp;mới vừa được ra mắt c&ugrave;ng với nhiều n&acirc;ng cấp về ngoại h&igrave;nh v&agrave; t&iacute;nh năng, hứa hẹn sẽ l&agrave; d&ograve;ng sản phẩm đột ph&aacute; trong v&agrave;i năm trở lại đ&acirc;y của Apple.</p>\r\n<p style=\"font-weight: 400;\">&nbsp;</p>\r\n<p style=\"font-weight: 400;\"><em>iPhone 14 Pro Max VN/A</em></p>\r\n<h2>Ph&aacute; vỡ thiết kế notch cổ điển</h2>\r\n<p style=\"font-weight: 400;\">Chiếc iPhone 14 Pro Max VN/A sở hữu m&agrave;n h&igrave;nh Super Retina XDR mới với ProMotion c&oacute; k&iacute;ch thước 6.7 inch. Tần số qu&eacute;t m&agrave;n h&igrave;nh sẽ giảm xuống 1 Hz để tiết kiệm pin, trong khi h&igrave;nh nền được l&agrave;m mờ. M&agrave;n h&igrave;nh ti&ecirc;n tiến cũng mang lại mức độ s&aacute;ng HDR cao nhất tương tự như Pro Display XDR v&agrave; ​​độ s&aacute;ng đỉnh ngo&agrave;i trời cao nhất trong điện thoại th&ocirc;ng minh: l&ecirc;n đến 2000 nits, s&aacute;ng gấp đ&ocirc;i so với người tiền nhiệm.</p>\r\n<p style=\"font-weight: 400;\">M&agrave;n h&igrave;nh trước l&agrave;m từ chất liệu Ceramic Shield - cứng hơn bất kỳ loại k&iacute;nh điện thoại th&ocirc;ng minh n&agrave;o - v&agrave; được bảo vệ khỏi c&aacute;c sự cố tr&agrave;n v&agrave; tai nạn th&ocirc;ng thường với khả năng chống nước v&agrave; bụi.</p>\r\n<p style=\"font-weight: 400;\">M&agrave;n h&igrave;nh Dynamic Island mới tr&ecirc;n d&ograve;ng iPhone 14 Pro được coi l&agrave; &yacute; tưởng thiết kế s&aacute;ng tạo, đem đến trải nghiệm độc đ&aacute;o. Apple đ&atilde; thay thế phần notch tr&ecirc;n d&ograve;ng sản phẩm &zwnj;iPhone 14 Pro&zwnj; bằng lỗ khuyết vi&ecirc;n thuốc v&agrave; đục lỗ. Một chi tiết mới quan trọng của việc thay thế notch xuất hiện trong tuần n&agrave;y l&agrave; khi thiết bị được sử dụng, c&aacute;c lỗ h&igrave;nh vi&ecirc;n thuốc v&agrave; lỗ đục lỗ sẽ hợp nhất bằng kỹ thuật số th&agrave;nh h&igrave;nh chữ i d&agrave;i hơn. Phần cắt n&agrave;y được Apple d&ugrave;ng để hiển thị th&ocirc;ng tin như c&aacute;c th&ocirc;ng b&aacute;o về quyền ri&ecirc;ng tư của iOS v&agrave; cụm cảm biến cho FaceID</p>\r\n<p style=\"font-weight: 400;\">Ngo&agrave;i ra, iPhone 14 Pro Max VN/A c&ograve;n c&oacute; t&iacute;nh năng Always On Display hay m&agrave;n h&igrave;nh lu&ocirc;n bật, đ&acirc;y l&agrave; một trong những t&iacute;nh năng kh&aacute; th&uacute; vị tr&ecirc;n c&aacute;c d&ograve;ng điện thoại hiện nay. T&iacute;nh năng n&agrave;y kh&ocirc;ng chỉ gi&uacute;p bạn nhận được th&ocirc;ng b&aacute;o từ c&aacute;c ứng dụng như đồng hồ, lịch, tin nhắn, cuộc gọi nhỡ, ứng dụng,... kể cả khi m&agrave;n h&igrave;nh điện thoại đ&atilde; tắt m&agrave; c&ograve;n gi&uacute;p điện thoại tiết kiệm pin đ&aacute;ng kể.</p>\r\n<h2>N&acirc;ng cấp đ&aacute;ng kể về camera</h2>\r\n<p style=\"font-weight: 400;\">Một trong những n&acirc;ng cấp m&agrave; người d&ugrave;ng tr&ocirc;ng đợi nhất từ d&ograve;ng iPhone 14 đ&oacute; ch&iacute;nh l&agrave; camera. Sau nhiều năm camera dặm ch&acirc;n ở con số 12MP, độ ph&acirc;n giải camera ch&iacute;nh của iPhone 14 Pro Max VN/A đ&atilde; được n&acirc;ng cấp l&ecirc;n th&agrave;nh 48MP c&ugrave;ng điểm ảnh 1,4&micro;m. Sự n&acirc;ng cấp n&agrave;y cho ph&eacute;p camera thu được nhiều &aacute;nh s&aacute;ng hơn khi chụp ảnh trong điều kiện &aacute;nh s&aacute;ng yếu.</p>\r\n<p style=\"font-weight: 400;\">&nbsp;</p>\r\n<p style=\"font-weight: 400;\"><em>iPhone 14 Pro Max VN/A c&oacute; n&acirc;ng cấp đ&aacute;ng kể về camera</em></p>\r\n<p style=\"font-weight: 400;\">&nbsp;</p>\r\n<p style=\"font-weight: 400;\">Ngo&agrave;i ra, điện thoại c&ograve;n hỗ trợ quay video 8K (ở tốc độ l&ecirc;n đến 60 khung h&igrave;nh/gi&acirc;y), kh&ocirc;ng chỉ đem lại h&igrave;nh ảnh sắc n&eacute;t hơn (như tăng chất lượng tr&ecirc;n video YouTube) m&agrave; c&ograve;n cho ph&eacute;p c&aacute;c nh&agrave; l&agrave;m phim cắt, ổn định v&agrave; điều chỉnh lại cảnh quay sau khi n&oacute; được quay.</p>\r\n<ul>\r\n<li style=\"font-weight: 400;\">M&aacute;y ảnh ch&iacute;nh được n&acirc;ng cấp l&ecirc;n th&agrave;nh 48MP c&ugrave;ng điểm ảnh 1,4&micro;m, đi k&egrave;m pixel-binning (kết hợp pixel với nhau) cho ph&eacute;p camera thu được nhiều &aacute;nh s&aacute;ng hơn v&agrave; giảm nhiễu</li>\r\n<li style=\"font-weight: 400;\">M&aacute;y ảnh 12MP Ultra Wide mới với điểm ảnh 1,4 &micro;m pixel, mang lại h&igrave;nh ảnh sắc n&eacute;t hơn với nhiều chi tiết hơn, cải thiện khả năng chụp ảnh macro vốn đ&atilde; mạnh mẽ.</li>\r\n<li style=\"font-weight: 400;\">M&aacute;y ảnh tele cải tiến c&oacute; khả năng zoom quang học 3x.</li>\r\n<li style=\"font-weight: 400;\">Một camera TrueDepth ph&iacute;a trước mới với khẩu độ &fnof; / 1.9 cho ph&eacute;p chụp ảnh v&agrave; quay video trong điều kiện &aacute;nh s&aacute;ng yếu tốt hơn. Sử dụng lấy n&eacute;t tự động lần đầu ti&ecirc;n, n&oacute; c&oacute; thể lấy n&eacute;t nhanh hơn nữa trong điều kiện &aacute;nh s&aacute;ng yếu v&agrave; chụp ảnh nh&oacute;m từ xa hơn.</li>\r\n<li style=\"font-weight: 400;\">Đ&egrave;n flash True Tone th&iacute;ch ứng mới đ&atilde; được thiết kế lại ho&agrave;n to&agrave;n với một d&atilde;y ch&iacute;n đ&egrave;n LED thay đổi kiểu dựa tr&ecirc;n độ d&agrave;i ti&ecirc;u cự đ&atilde; chọn.</li>\r\n<li style=\"font-weight: 400;\">Hỗ trợ chụp ảnh ti&ecirc;n tiến như Chế độ ban đ&ecirc;m, Smart HDR 4, Chế độ ch&acirc;n dung với &Aacute;nh s&aacute;ng ch&acirc;n dung, Chế độ ban đ&ecirc;m Ảnh ch&acirc;n dung, Kiểu chụp ảnh để c&aacute; nh&acirc;n h&oacute;a giao diện của mọi bức ảnh v&agrave; Apple ProRAW.</li>\r\n<li style=\"font-weight: 400;\">Chế độ Action mới cho video tr&ocirc;ng cực kỳ mượt m&agrave; c&oacute; thể giảm độ rung, cho ra những khung h&igrave;nh mượt m&agrave; sống động</li>\r\n<li style=\"font-weight: 400;\">Chế độ Cinematic, hiện c&oacute; sẵn ở 4K ở tốc độ 30 khung h&igrave;nh / gi&acirc;y v&agrave; 4K ở tốc độ 24 khung h&igrave;nh / gi&acirc;y.</li>\r\n<li style=\"font-weight: 400;\">T&iacute;nh năng định dạng video chuy&ecirc;n nghiệp, bao gồm ProRes3 v&agrave; Dolby Vision HDR đầu cuối.</li>\r\n</ul>\r\n<h2>Bộ vi xử l&yacute; A16 cực xịn</h2>\r\n<p style=\"font-weight: 400;\">iPhone 14 Pro Max VN/A sử dụng bộ vi xử l&yacute; Apple A16 Bionic được xử l&yacute; tr&ecirc;n tiến tr&igrave;nh 4nm. Với bộ xử l&yacute; neural 16 nh&acirc;n tr&ecirc;n chip n&agrave;y, b&ecirc;n cạnh bộ xử l&yacute; m&agrave;n h&igrave;nh ho&agrave;n to&agrave;n mới để hỗ trợ đẩy tần số qu&eacute;t xuống 1Hz, xử l&yacute; t&iacute;nh năng always-on v&agrave; gi&uacute;p Dynamic Island hoạt động mượt m&agrave;.Thiết bị c&oacute; RAM 6GB sử dụng c&ocirc;ng nghệ LPDDR5 cải tiến về tốc độ truyền v&agrave; điện năng ti&ecirc;u thụ.</p>\r\n<p style=\"font-weight: 400;\">&nbsp;</p>\r\n<p style=\"font-weight: 400;\"><em>iPhone 14 Pro Max VN/A</em></p>\r\n<h2>T&iacute;nh năng điện thoại vệ tinh</h2>\r\n<p style=\"font-weight: 400;\">Điểm độc đ&aacute;o tr&ecirc;n thế hệ&nbsp;<a href=\"https://hoanghamobile.com/dien-thoai-di-dong/iphone/iphone-14-series\">iPhone 14 Series</a>&nbsp;ch&iacute;nh l&agrave; điện thoại vệ tinh hỗ trợ người d&ugrave;ng trong việc li&ecirc;n lạc bằng c&aacute;ch kết nối với c&aacute;c trạm vệ tinh xoay quanh quỹ đạo m&agrave; kh&ocirc;ng cần s&oacute;ng của nh&agrave; mạng.</p>\r\n<p style=\"font-weight: 400;\">iPhone 14 Pro Max VN/A c&oacute; dung lượng 4.323 mAh &ndash; thấp hơn một ch&uacute;t so với mức 4.352 mAh của 13 Pro Max. Ngo&agrave;i ra, thiết bị được trang bị sạc nhanh với c&ocirc;ng suất 30W, cao hơn đ&aacute;ng kể so với mức sạc 20W cũ.</p>\r\n<p style=\"font-weight: 400;\">iPhone 14 Pro Max VN/A hiện l&agrave; chiếc flagship c&oacute; trọng lượng nặng nhất tr&ecirc;n thị trường với khối lượng 255 gram, cao hơn 15 gram so với thế hệ trước. Người d&ugrave;ng c&oacute; t&ugrave;y chọn c&aacute;c phi&ecirc;n bản dung lượng gồm 128 GB, 256 GB, 512 GB v&agrave; 1TB. Thiết bị sử dụng phần khung titan thay v&igrave; th&eacute;p kh&ocirc;ng gỉ, mang đến một chiếc iPhone mạnh mẽ hơn, nhẹ hơn v&agrave; chống trầy tốt hơn, d&ugrave; l&agrave;m tăng khối lượng.</p>\r\n<p style=\"font-weight: 400;\">iPhone 14 Pro Max VN/A sẽ c&oacute; c&aacute;c lựa chọn m&agrave;u sắc: x&aacute;m than ch&igrave; (Graphite), bạc (Silver), v&agrave;ng (Gold), t&iacute;m (Purple), nhưng kh&ocirc;ng c&oacute; phi&ecirc;n bản m&agrave;u xanh Sierra Blue như năm ngo&aacute;i.</p>',1,1,3,15,'2023-07-11 11:17:50','2023-07-11 21:09:21',NULL),(15,'Samsung Galaxy S22 PLUS 5G - Chính hãng','samsung-galaxy-s22-plus-5g-chinh-hang','image-removebg-preview_637800437459949020 (1).png','/storage/product/1/BVWPWe7EHfStMMWRnVRc.png','11990000','10990000','<p><strong>C&ocirc;ng nghệ m&agrave;n h&igrave;nh::</strong>&nbsp;OLED</p>\r\n<p><strong>Độ ph&acirc;n giải::</strong>&nbsp;2796 x 1290 Pixels</p>\r\n<p><strong>M&agrave;n h&igrave;nh rộng::</strong>&nbsp;6.7\"</p>\r\n<p><strong>Độ ph&acirc;n giải:</strong>&nbsp;Ch&iacute;nh 48 MP &amp; Phụ 12 MP, 12 MP, 12 MP</p>\r\n<p><strong>Hệ điều h&agrave;nh:</strong>&nbsp;iOS 16</p>\r\n<p><strong>Chip xử l&yacute; (CPU):</strong>&nbsp;Apple A16 Bionic 6 nh&acirc;n</p>\r\n<p><strong>Bộ nhớ trong (ROM):</strong>&nbsp;128 GB</p>\r\n<p><strong>RAM:</strong>&nbsp;6 GB</p>\r\n<p><strong>Mạng di động:</strong>&nbsp;Hỗ trợ 5G</p>\r\n<p><strong>Số khe sim:</strong>&nbsp;1 Nano SIM &amp; 1 eSIM</p>\r\n<p><strong>Dung lượng pin:</strong>&nbsp;4323 mAh</p>','<p style=\"font-weight: 400;\">iPhone 14 Pro Max VN/A l&agrave; d&ograve;ng sản phẩm cao cấp nhất nằm trong thế hệ&nbsp;<a href=\"https://hoanghamobile.com/dien-thoai-di-dong/iphone/iphone-14-series\">iPhone 14 Series</a>&nbsp;mới vừa được ra mắt c&ugrave;ng với nhiều n&acirc;ng cấp về ngoại h&igrave;nh v&agrave; t&iacute;nh năng, hứa hẹn sẽ l&agrave; d&ograve;ng sản phẩm đột ph&aacute; trong v&agrave;i năm trở lại đ&acirc;y của Apple.</p>\r\n<p style=\"font-weight: 400;\">&nbsp;</p>\r\n<p style=\"font-weight: 400;\"><em>iPhone 14 Pro Max VN/A</em></p>\r\n<h2>Ph&aacute; vỡ thiết kế notch cổ điển</h2>\r\n<p style=\"font-weight: 400;\">Chiếc iPhone 14 Pro Max VN/A sở hữu m&agrave;n h&igrave;nh Super Retina XDR mới với ProMotion c&oacute; k&iacute;ch thước 6.7 inch. Tần số qu&eacute;t m&agrave;n h&igrave;nh sẽ giảm xuống 1 Hz để tiết kiệm pin, trong khi h&igrave;nh nền được l&agrave;m mờ. M&agrave;n h&igrave;nh ti&ecirc;n tiến cũng mang lại mức độ s&aacute;ng HDR cao nhất tương tự như Pro Display XDR v&agrave; ​​độ s&aacute;ng đỉnh ngo&agrave;i trời cao nhất trong điện thoại th&ocirc;ng minh: l&ecirc;n đến 2000 nits, s&aacute;ng gấp đ&ocirc;i so với người tiền nhiệm.</p>\r\n<p style=\"font-weight: 400;\">M&agrave;n h&igrave;nh trước l&agrave;m từ chất liệu Ceramic Shield - cứng hơn bất kỳ loại k&iacute;nh điện thoại th&ocirc;ng minh n&agrave;o - v&agrave; được bảo vệ khỏi c&aacute;c sự cố tr&agrave;n v&agrave; tai nạn th&ocirc;ng thường với khả năng chống nước v&agrave; bụi.</p>\r\n<p style=\"font-weight: 400;\">M&agrave;n h&igrave;nh Dynamic Island mới tr&ecirc;n d&ograve;ng iPhone 14 Pro được coi l&agrave; &yacute; tưởng thiết kế s&aacute;ng tạo, đem đến trải nghiệm độc đ&aacute;o. Apple đ&atilde; thay thế phần notch tr&ecirc;n d&ograve;ng sản phẩm &zwnj;iPhone 14 Pro&zwnj; bằng lỗ khuyết vi&ecirc;n thuốc v&agrave; đục lỗ. Một chi tiết mới quan trọng của việc thay thế notch xuất hiện trong tuần n&agrave;y l&agrave; khi thiết bị được sử dụng, c&aacute;c lỗ h&igrave;nh vi&ecirc;n thuốc v&agrave; lỗ đục lỗ sẽ hợp nhất bằng kỹ thuật số th&agrave;nh h&igrave;nh chữ i d&agrave;i hơn. Phần cắt n&agrave;y được Apple d&ugrave;ng để hiển thị th&ocirc;ng tin như c&aacute;c th&ocirc;ng b&aacute;o về quyền ri&ecirc;ng tư của iOS v&agrave; cụm cảm biến cho FaceID</p>\r\n<p style=\"font-weight: 400;\">Ngo&agrave;i ra, iPhone 14 Pro Max VN/A c&ograve;n c&oacute; t&iacute;nh năng Always On Display hay m&agrave;n h&igrave;nh lu&ocirc;n bật, đ&acirc;y l&agrave; một trong những t&iacute;nh năng kh&aacute; th&uacute; vị tr&ecirc;n c&aacute;c d&ograve;ng điện thoại hiện nay. T&iacute;nh năng n&agrave;y kh&ocirc;ng chỉ gi&uacute;p bạn nhận được th&ocirc;ng b&aacute;o từ c&aacute;c ứng dụng như đồng hồ, lịch, tin nhắn, cuộc gọi nhỡ, ứng dụng,... kể cả khi m&agrave;n h&igrave;nh điện thoại đ&atilde; tắt m&agrave; c&ograve;n gi&uacute;p điện thoại tiết kiệm pin đ&aacute;ng kể.</p>\r\n<h2>N&acirc;ng cấp đ&aacute;ng kể về camera</h2>\r\n<p style=\"font-weight: 400;\">Một trong những n&acirc;ng cấp m&agrave; người d&ugrave;ng tr&ocirc;ng đợi nhất từ d&ograve;ng iPhone 14 đ&oacute; ch&iacute;nh l&agrave; camera. Sau nhiều năm camera dặm ch&acirc;n ở con số 12MP, độ ph&acirc;n giải camera ch&iacute;nh của iPhone 14 Pro Max VN/A đ&atilde; được n&acirc;ng cấp l&ecirc;n th&agrave;nh 48MP c&ugrave;ng điểm ảnh 1,4&micro;m. Sự n&acirc;ng cấp n&agrave;y cho ph&eacute;p camera thu được nhiều &aacute;nh s&aacute;ng hơn khi chụp ảnh trong điều kiện &aacute;nh s&aacute;ng yếu.</p>\r\n<p style=\"font-weight: 400;\">&nbsp;</p>\r\n<p style=\"font-weight: 400;\"><em>iPhone 14 Pro Max VN/A c&oacute; n&acirc;ng cấp đ&aacute;ng kể về camera</em></p>\r\n<p style=\"font-weight: 400;\">&nbsp;</p>\r\n<p style=\"font-weight: 400;\">Ngo&agrave;i ra, điện thoại c&ograve;n hỗ trợ quay video 8K (ở tốc độ l&ecirc;n đến 60 khung h&igrave;nh/gi&acirc;y), kh&ocirc;ng chỉ đem lại h&igrave;nh ảnh sắc n&eacute;t hơn (như tăng chất lượng tr&ecirc;n video YouTube) m&agrave; c&ograve;n cho ph&eacute;p c&aacute;c nh&agrave; l&agrave;m phim cắt, ổn định v&agrave; điều chỉnh lại cảnh quay sau khi n&oacute; được quay.</p>\r\n<ul>\r\n<li style=\"font-weight: 400;\">M&aacute;y ảnh ch&iacute;nh được n&acirc;ng cấp l&ecirc;n th&agrave;nh 48MP c&ugrave;ng điểm ảnh 1,4&micro;m, đi k&egrave;m pixel-binning (kết hợp pixel với nhau) cho ph&eacute;p camera thu được nhiều &aacute;nh s&aacute;ng hơn v&agrave; giảm nhiễu</li>\r\n<li style=\"font-weight: 400;\">M&aacute;y ảnh 12MP Ultra Wide mới với điểm ảnh 1,4 &micro;m pixel, mang lại h&igrave;nh ảnh sắc n&eacute;t hơn với nhiều chi tiết hơn, cải thiện khả năng chụp ảnh macro vốn đ&atilde; mạnh mẽ.</li>\r\n<li style=\"font-weight: 400;\">M&aacute;y ảnh tele cải tiến c&oacute; khả năng zoom quang học 3x.</li>\r\n<li style=\"font-weight: 400;\">Một camera TrueDepth ph&iacute;a trước mới với khẩu độ &fnof; / 1.9 cho ph&eacute;p chụp ảnh v&agrave; quay video trong điều kiện &aacute;nh s&aacute;ng yếu tốt hơn. Sử dụng lấy n&eacute;t tự động lần đầu ti&ecirc;n, n&oacute; c&oacute; thể lấy n&eacute;t nhanh hơn nữa trong điều kiện &aacute;nh s&aacute;ng yếu v&agrave; chụp ảnh nh&oacute;m từ xa hơn.</li>\r\n<li style=\"font-weight: 400;\">Đ&egrave;n flash True Tone th&iacute;ch ứng mới đ&atilde; được thiết kế lại ho&agrave;n to&agrave;n với một d&atilde;y ch&iacute;n đ&egrave;n LED thay đổi kiểu dựa tr&ecirc;n độ d&agrave;i ti&ecirc;u cự đ&atilde; chọn.</li>\r\n<li style=\"font-weight: 400;\">Hỗ trợ chụp ảnh ti&ecirc;n tiến như Chế độ ban đ&ecirc;m, Smart HDR 4, Chế độ ch&acirc;n dung với &Aacute;nh s&aacute;ng ch&acirc;n dung, Chế độ ban đ&ecirc;m Ảnh ch&acirc;n dung, Kiểu chụp ảnh để c&aacute; nh&acirc;n h&oacute;a giao diện của mọi bức ảnh v&agrave; Apple ProRAW.</li>\r\n<li style=\"font-weight: 400;\">Chế độ Action mới cho video tr&ocirc;ng cực kỳ mượt m&agrave; c&oacute; thể giảm độ rung, cho ra những khung h&igrave;nh mượt m&agrave; sống động</li>\r\n<li style=\"font-weight: 400;\">Chế độ Cinematic, hiện c&oacute; sẵn ở 4K ở tốc độ 30 khung h&igrave;nh / gi&acirc;y v&agrave; 4K ở tốc độ 24 khung h&igrave;nh / gi&acirc;y.</li>\r\n<li style=\"font-weight: 400;\">T&iacute;nh năng định dạng video chuy&ecirc;n nghiệp, bao gồm ProRes3 v&agrave; Dolby Vision HDR đầu cuối.</li>\r\n</ul>\r\n<h2>Bộ vi xử l&yacute; A16 cực xịn</h2>\r\n<p style=\"font-weight: 400;\">iPhone 14 Pro Max VN/A sử dụng bộ vi xử l&yacute; Apple A16 Bionic được xử l&yacute; tr&ecirc;n tiến tr&igrave;nh 4nm. Với bộ xử l&yacute; neural 16 nh&acirc;n tr&ecirc;n chip n&agrave;y, b&ecirc;n cạnh bộ xử l&yacute; m&agrave;n h&igrave;nh ho&agrave;n to&agrave;n mới để hỗ trợ đẩy tần số qu&eacute;t xuống 1Hz, xử l&yacute; t&iacute;nh năng always-on v&agrave; gi&uacute;p Dynamic Island hoạt động mượt m&agrave;.Thiết bị c&oacute; RAM 6GB sử dụng c&ocirc;ng nghệ LPDDR5 cải tiến về tốc độ truyền v&agrave; điện năng ti&ecirc;u thụ.</p>\r\n<p style=\"font-weight: 400;\">&nbsp;</p>\r\n<p style=\"font-weight: 400;\"><em>iPhone 14 Pro Max VN/A</em></p>\r\n<h2>T&iacute;nh năng điện thoại vệ tinh</h2>\r\n<p style=\"font-weight: 400;\">Điểm độc đ&aacute;o tr&ecirc;n thế hệ&nbsp;<a href=\"https://hoanghamobile.com/dien-thoai-di-dong/iphone/iphone-14-series\">iPhone 14 Series</a>&nbsp;ch&iacute;nh l&agrave; điện thoại vệ tinh hỗ trợ người d&ugrave;ng trong việc li&ecirc;n lạc bằng c&aacute;ch kết nối với c&aacute;c trạm vệ tinh xoay quanh quỹ đạo m&agrave; kh&ocirc;ng cần s&oacute;ng của nh&agrave; mạng.</p>\r\n<p style=\"font-weight: 400;\">iPhone 14 Pro Max VN/A c&oacute; dung lượng 4.323 mAh &ndash; thấp hơn một ch&uacute;t so với mức 4.352 mAh của 13 Pro Max. Ngo&agrave;i ra, thiết bị được trang bị sạc nhanh với c&ocirc;ng suất 30W, cao hơn đ&aacute;ng kể so với mức sạc 20W cũ.</p>\r\n<p style=\"font-weight: 400;\">iPhone 14 Pro Max VN/A hiện l&agrave; chiếc flagship c&oacute; trọng lượng nặng nhất tr&ecirc;n thị trường với khối lượng 255 gram, cao hơn 15 gram so với thế hệ trước. Người d&ugrave;ng c&oacute; t&ugrave;y chọn c&aacute;c phi&ecirc;n bản dung lượng gồm 128 GB, 256 GB, 512 GB v&agrave; 1TB. Thiết bị sử dụng phần khung titan thay v&igrave; th&eacute;p kh&ocirc;ng gỉ, mang đến một chiếc iPhone mạnh mẽ hơn, nhẹ hơn v&agrave; chống trầy tốt hơn, d&ugrave; l&agrave;m tăng khối lượng.</p>\r\n<p style=\"font-weight: 400;\">iPhone 14 Pro Max VN/A sẽ c&oacute; c&aacute;c lựa chọn m&agrave;u sắc: x&aacute;m than ch&igrave; (Graphite), bạc (Silver), v&agrave;ng (Gold), t&iacute;m (Purple), nhưng kh&ocirc;ng c&oacute; phi&ecirc;n bản m&agrave;u xanh Sierra Blue như năm ngo&aacute;i.</p>',1,1,3,20,'2023-07-11 11:18:42','2023-07-11 11:18:42',NULL),(16,'Samsung Galaxy S22 PLUS 5G - Chính hãng','samsung-galaxy-s22-plus-5g-chinh-hang','image-removebg-preview-7.png','/storage/product/1/Ud5NVykjbpyhJhsmJg3d.png','11990000','10990000','<p><strong>C&ocirc;ng nghệ m&agrave;n h&igrave;nh::</strong>&nbsp;OLED</p>\r\n<p><strong>Độ ph&acirc;n giải::</strong>&nbsp;2796 x 1290 Pixels</p>\r\n<p><strong>M&agrave;n h&igrave;nh rộng::</strong>&nbsp;6.7\"</p>\r\n<p><strong>Độ ph&acirc;n giải:</strong>&nbsp;Ch&iacute;nh 48 MP &amp; Phụ 12 MP, 12 MP, 12 MP</p>\r\n<p><strong>Hệ điều h&agrave;nh:</strong>&nbsp;iOS 16</p>\r\n<p><strong>Chip xử l&yacute; (CPU):</strong>&nbsp;Apple A16 Bionic 6 nh&acirc;n</p>\r\n<p><strong>Bộ nhớ trong (ROM):</strong>&nbsp;128 GB</p>\r\n<p><strong>RAM:</strong>&nbsp;6 GB</p>\r\n<p><strong>Mạng di động:</strong>&nbsp;Hỗ trợ 5G</p>\r\n<p><strong>Số khe sim:</strong>&nbsp;1 Nano SIM &amp; 1 eSIM</p>\r\n<p><strong>Dung lượng pin:</strong>&nbsp;4323 mAh</p>','<p style=\"font-weight: 400;\">iPhone 14 Pro Max VN/A l&agrave; d&ograve;ng sản phẩm cao cấp nhất nằm trong thế hệ&nbsp;<a href=\"https://hoanghamobile.com/dien-thoai-di-dong/iphone/iphone-14-series\">iPhone 14 Series</a>&nbsp;mới vừa được ra mắt c&ugrave;ng với nhiều n&acirc;ng cấp về ngoại h&igrave;nh v&agrave; t&iacute;nh năng, hứa hẹn sẽ l&agrave; d&ograve;ng sản phẩm đột ph&aacute; trong v&agrave;i năm trở lại đ&acirc;y của Apple.</p>\r\n<p style=\"font-weight: 400;\">&nbsp;</p>\r\n<p style=\"font-weight: 400;\"><em>iPhone 14 Pro Max VN/A</em></p>\r\n<h2>Ph&aacute; vỡ thiết kế notch cổ điển</h2>\r\n<p style=\"font-weight: 400;\">Chiếc iPhone 14 Pro Max VN/A sở hữu m&agrave;n h&igrave;nh Super Retina XDR mới với ProMotion c&oacute; k&iacute;ch thước 6.7 inch. Tần số qu&eacute;t m&agrave;n h&igrave;nh sẽ giảm xuống 1 Hz để tiết kiệm pin, trong khi h&igrave;nh nền được l&agrave;m mờ. M&agrave;n h&igrave;nh ti&ecirc;n tiến cũng mang lại mức độ s&aacute;ng HDR cao nhất tương tự như Pro Display XDR v&agrave; ​​độ s&aacute;ng đỉnh ngo&agrave;i trời cao nhất trong điện thoại th&ocirc;ng minh: l&ecirc;n đến 2000 nits, s&aacute;ng gấp đ&ocirc;i so với người tiền nhiệm.</p>\r\n<p style=\"font-weight: 400;\">M&agrave;n h&igrave;nh trước l&agrave;m từ chất liệu Ceramic Shield - cứng hơn bất kỳ loại k&iacute;nh điện thoại th&ocirc;ng minh n&agrave;o - v&agrave; được bảo vệ khỏi c&aacute;c sự cố tr&agrave;n v&agrave; tai nạn th&ocirc;ng thường với khả năng chống nước v&agrave; bụi.</p>\r\n<p style=\"font-weight: 400;\">M&agrave;n h&igrave;nh Dynamic Island mới tr&ecirc;n d&ograve;ng iPhone 14 Pro được coi l&agrave; &yacute; tưởng thiết kế s&aacute;ng tạo, đem đến trải nghiệm độc đ&aacute;o. Apple đ&atilde; thay thế phần notch tr&ecirc;n d&ograve;ng sản phẩm &zwnj;iPhone 14 Pro&zwnj; bằng lỗ khuyết vi&ecirc;n thuốc v&agrave; đục lỗ. Một chi tiết mới quan trọng của việc thay thế notch xuất hiện trong tuần n&agrave;y l&agrave; khi thiết bị được sử dụng, c&aacute;c lỗ h&igrave;nh vi&ecirc;n thuốc v&agrave; lỗ đục lỗ sẽ hợp nhất bằng kỹ thuật số th&agrave;nh h&igrave;nh chữ i d&agrave;i hơn. Phần cắt n&agrave;y được Apple d&ugrave;ng để hiển thị th&ocirc;ng tin như c&aacute;c th&ocirc;ng b&aacute;o về quyền ri&ecirc;ng tư của iOS v&agrave; cụm cảm biến cho FaceID</p>\r\n<p style=\"font-weight: 400;\">Ngo&agrave;i ra, iPhone 14 Pro Max VN/A c&ograve;n c&oacute; t&iacute;nh năng Always On Display hay m&agrave;n h&igrave;nh lu&ocirc;n bật, đ&acirc;y l&agrave; một trong những t&iacute;nh năng kh&aacute; th&uacute; vị tr&ecirc;n c&aacute;c d&ograve;ng điện thoại hiện nay. T&iacute;nh năng n&agrave;y kh&ocirc;ng chỉ gi&uacute;p bạn nhận được th&ocirc;ng b&aacute;o từ c&aacute;c ứng dụng như đồng hồ, lịch, tin nhắn, cuộc gọi nhỡ, ứng dụng,... kể cả khi m&agrave;n h&igrave;nh điện thoại đ&atilde; tắt m&agrave; c&ograve;n gi&uacute;p điện thoại tiết kiệm pin đ&aacute;ng kể.</p>\r\n<h2>N&acirc;ng cấp đ&aacute;ng kể về camera</h2>\r\n<p style=\"font-weight: 400;\">Một trong những n&acirc;ng cấp m&agrave; người d&ugrave;ng tr&ocirc;ng đợi nhất từ d&ograve;ng iPhone 14 đ&oacute; ch&iacute;nh l&agrave; camera. Sau nhiều năm camera dặm ch&acirc;n ở con số 12MP, độ ph&acirc;n giải camera ch&iacute;nh của iPhone 14 Pro Max VN/A đ&atilde; được n&acirc;ng cấp l&ecirc;n th&agrave;nh 48MP c&ugrave;ng điểm ảnh 1,4&micro;m. Sự n&acirc;ng cấp n&agrave;y cho ph&eacute;p camera thu được nhiều &aacute;nh s&aacute;ng hơn khi chụp ảnh trong điều kiện &aacute;nh s&aacute;ng yếu.</p>\r\n<p style=\"font-weight: 400;\">&nbsp;</p>\r\n<p style=\"font-weight: 400;\"><em>iPhone 14 Pro Max VN/A c&oacute; n&acirc;ng cấp đ&aacute;ng kể về camera</em></p>\r\n<p style=\"font-weight: 400;\">&nbsp;</p>\r\n<p style=\"font-weight: 400;\">Ngo&agrave;i ra, điện thoại c&ograve;n hỗ trợ quay video 8K (ở tốc độ l&ecirc;n đến 60 khung h&igrave;nh/gi&acirc;y), kh&ocirc;ng chỉ đem lại h&igrave;nh ảnh sắc n&eacute;t hơn (như tăng chất lượng tr&ecirc;n video YouTube) m&agrave; c&ograve;n cho ph&eacute;p c&aacute;c nh&agrave; l&agrave;m phim cắt, ổn định v&agrave; điều chỉnh lại cảnh quay sau khi n&oacute; được quay.</p>\r\n<ul>\r\n<li style=\"font-weight: 400;\">M&aacute;y ảnh ch&iacute;nh được n&acirc;ng cấp l&ecirc;n th&agrave;nh 48MP c&ugrave;ng điểm ảnh 1,4&micro;m, đi k&egrave;m pixel-binning (kết hợp pixel với nhau) cho ph&eacute;p camera thu được nhiều &aacute;nh s&aacute;ng hơn v&agrave; giảm nhiễu</li>\r\n<li style=\"font-weight: 400;\">M&aacute;y ảnh 12MP Ultra Wide mới với điểm ảnh 1,4 &micro;m pixel, mang lại h&igrave;nh ảnh sắc n&eacute;t hơn với nhiều chi tiết hơn, cải thiện khả năng chụp ảnh macro vốn đ&atilde; mạnh mẽ.</li>\r\n<li style=\"font-weight: 400;\">M&aacute;y ảnh tele cải tiến c&oacute; khả năng zoom quang học 3x.</li>\r\n<li style=\"font-weight: 400;\">Một camera TrueDepth ph&iacute;a trước mới với khẩu độ &fnof; / 1.9 cho ph&eacute;p chụp ảnh v&agrave; quay video trong điều kiện &aacute;nh s&aacute;ng yếu tốt hơn. Sử dụng lấy n&eacute;t tự động lần đầu ti&ecirc;n, n&oacute; c&oacute; thể lấy n&eacute;t nhanh hơn nữa trong điều kiện &aacute;nh s&aacute;ng yếu v&agrave; chụp ảnh nh&oacute;m từ xa hơn.</li>\r\n<li style=\"font-weight: 400;\">Đ&egrave;n flash True Tone th&iacute;ch ứng mới đ&atilde; được thiết kế lại ho&agrave;n to&agrave;n với một d&atilde;y ch&iacute;n đ&egrave;n LED thay đổi kiểu dựa tr&ecirc;n độ d&agrave;i ti&ecirc;u cự đ&atilde; chọn.</li>\r\n<li style=\"font-weight: 400;\">Hỗ trợ chụp ảnh ti&ecirc;n tiến như Chế độ ban đ&ecirc;m, Smart HDR 4, Chế độ ch&acirc;n dung với &Aacute;nh s&aacute;ng ch&acirc;n dung, Chế độ ban đ&ecirc;m Ảnh ch&acirc;n dung, Kiểu chụp ảnh để c&aacute; nh&acirc;n h&oacute;a giao diện của mọi bức ảnh v&agrave; Apple ProRAW.</li>\r\n<li style=\"font-weight: 400;\">Chế độ Action mới cho video tr&ocirc;ng cực kỳ mượt m&agrave; c&oacute; thể giảm độ rung, cho ra những khung h&igrave;nh mượt m&agrave; sống động</li>\r\n<li style=\"font-weight: 400;\">Chế độ Cinematic, hiện c&oacute; sẵn ở 4K ở tốc độ 30 khung h&igrave;nh / gi&acirc;y v&agrave; 4K ở tốc độ 24 khung h&igrave;nh / gi&acirc;y.</li>\r\n<li style=\"font-weight: 400;\">T&iacute;nh năng định dạng video chuy&ecirc;n nghiệp, bao gồm ProRes3 v&agrave; Dolby Vision HDR đầu cuối.</li>\r\n</ul>\r\n<h2>Bộ vi xử l&yacute; A16 cực xịn</h2>\r\n<p style=\"font-weight: 400;\">iPhone 14 Pro Max VN/A sử dụng bộ vi xử l&yacute; Apple A16 Bionic được xử l&yacute; tr&ecirc;n tiến tr&igrave;nh 4nm. Với bộ xử l&yacute; neural 16 nh&acirc;n tr&ecirc;n chip n&agrave;y, b&ecirc;n cạnh bộ xử l&yacute; m&agrave;n h&igrave;nh ho&agrave;n to&agrave;n mới để hỗ trợ đẩy tần số qu&eacute;t xuống 1Hz, xử l&yacute; t&iacute;nh năng always-on v&agrave; gi&uacute;p Dynamic Island hoạt động mượt m&agrave;.Thiết bị c&oacute; RAM 6GB sử dụng c&ocirc;ng nghệ LPDDR5 cải tiến về tốc độ truyền v&agrave; điện năng ti&ecirc;u thụ.</p>\r\n<p style=\"font-weight: 400;\">&nbsp;</p>\r\n<p style=\"font-weight: 400;\"><em>iPhone 14 Pro Max VN/A</em></p>\r\n<h2>T&iacute;nh năng điện thoại vệ tinh</h2>\r\n<p style=\"font-weight: 400;\">Điểm độc đ&aacute;o tr&ecirc;n thế hệ&nbsp;<a href=\"https://hoanghamobile.com/dien-thoai-di-dong/iphone/iphone-14-series\">iPhone 14 Series</a>&nbsp;ch&iacute;nh l&agrave; điện thoại vệ tinh hỗ trợ người d&ugrave;ng trong việc li&ecirc;n lạc bằng c&aacute;ch kết nối với c&aacute;c trạm vệ tinh xoay quanh quỹ đạo m&agrave; kh&ocirc;ng cần s&oacute;ng của nh&agrave; mạng.</p>\r\n<p style=\"font-weight: 400;\">iPhone 14 Pro Max VN/A c&oacute; dung lượng 4.323 mAh &ndash; thấp hơn một ch&uacute;t so với mức 4.352 mAh của 13 Pro Max. Ngo&agrave;i ra, thiết bị được trang bị sạc nhanh với c&ocirc;ng suất 30W, cao hơn đ&aacute;ng kể so với mức sạc 20W cũ.</p>\r\n<p style=\"font-weight: 400;\">iPhone 14 Pro Max VN/A hiện l&agrave; chiếc flagship c&oacute; trọng lượng nặng nhất tr&ecirc;n thị trường với khối lượng 255 gram, cao hơn 15 gram so với thế hệ trước. Người d&ugrave;ng c&oacute; t&ugrave;y chọn c&aacute;c phi&ecirc;n bản dung lượng gồm 128 GB, 256 GB, 512 GB v&agrave; 1TB. Thiết bị sử dụng phần khung titan thay v&igrave; th&eacute;p kh&ocirc;ng gỉ, mang đến một chiếc iPhone mạnh mẽ hơn, nhẹ hơn v&agrave; chống trầy tốt hơn, d&ugrave; l&agrave;m tăng khối lượng.</p>\r\n<p style=\"font-weight: 400;\">iPhone 14 Pro Max VN/A sẽ c&oacute; c&aacute;c lựa chọn m&agrave;u sắc: x&aacute;m than ch&igrave; (Graphite), bạc (Silver), v&agrave;ng (Gold), t&iacute;m (Purple), nhưng kh&ocirc;ng c&oacute; phi&ecirc;n bản m&agrave;u xanh Sierra Blue như năm ngo&aacute;i.</p>',1,1,3,20,'2023-07-11 11:18:55','2023-07-11 11:18:55',NULL),(17,'Samsung Galaxy S23 PLUS 5G - Chính hãng','samsung-galaxy-s23-plus-5g-chinh-hang','image-removebg-preview-3_637800437459636500.png','/storage/product/1/wVPCLjPrd3gzzAdUcpgg.png','11000000','10000000','<p><strong>C&ocirc;ng nghệ m&agrave;n h&igrave;nh::</strong>&nbsp;Super AMOLED Plus</p>\r\n<p><strong>Độ ph&acirc;n giải::</strong>&nbsp;Full HD+ (1080 x 2400 Pixels)</p>\r\n<p><strong>M&agrave;n h&igrave;nh rộng::</strong>&nbsp;6.7\" - Tần số qu&eacute;t 120 Hz</p>\r\n<p><strong>Độ ph&acirc;n giải:</strong>&nbsp;Ch&iacute;nh 108 MP &amp; Phụ 12 MP, 5 MP, 5 MP, 32 MP</p>\r\n<p><strong>Chip xử l&yacute; (CPU):</strong>&nbsp;Snapdragon 778G 5G 8 nh&acirc;n</p>\r\n<p><strong>Bộ nhớ trong (ROM):</strong>&nbsp;128GB</p>\r\n<p><strong>RAM:</strong>&nbsp;8GB</p>\r\n<p><strong>Số khe sim:</strong>&nbsp;2 Nano SIM (SIM 2 chung khe thẻ nhớ)</p>\r\n<p><strong>Dung lượng pin:</strong>&nbsp;Li-Ion 5000 mAh</p>','<p style=\"font-weight: 400;\">Điện thoại Samsung Galaxy A73 5G với tuy&ecirc;n ng&ocirc;n &ldquo;Rực n&eacute;t nguy&ecirc;n bản&rdquo; sẽ ph&ugrave; hợp với mọi đối tượng người sử dụng bởi sự ho&agrave;n thiện từ thiết kế b&ecirc;n ngo&agrave;i cho đến phần cứng mạnh mẽ b&ecirc;n trong.</p>\r\n<h3>Đột ph&aacute; từ thiết kế b&ecirc;n ngo&agrave;i c&ugrave;ng ba m&agrave;u sắc bắt mắt</h3>\r\n<p style=\"font-weight: 400;\">&nbsp;</p>\r\n<p style=\"font-weight: 400;\">Điện thoại Samsung Galaxy A73 5G sử dụng kiểu thiết kế Ambient EDGE tạo ra tổng thể mỏng v&agrave; đối xứng ho&agrave;n hảo m&agrave; vẫn đảm bảo được c&aacute;c yếu tố về cấu h&igrave;nh b&ecirc;n trong kh&ocirc;ng bị cắt giảm. Viền điện thoại được thiết kế si&ecirc;u mỏng c&ugrave;ng c&aacute;c g&oacute;c cạnh bo tr&ograve;n tạo cho người d&ugrave;ng trải nghiệm cầm nắm rất đằm tay, thoải m&aacute;i d&ugrave;ng trong cả ng&agrave;y d&agrave;i.</p>\r\n<p style=\"font-weight: 400;\">&nbsp;</p>\r\n<p style=\"font-weight: 400;\">Điện thoại được trang bị ba m&agrave;u sắc v&ocirc; c&ugrave;ng nổi bật đ&oacute; l&agrave; Xanh thời thượng, X&aacute;m thanh lịch v&agrave; Trắng tinh tế ph&ugrave; hợp với mọi c&aacute; t&iacute;nh của người d&ugrave;ng. Mặt trước của m&agrave;n h&igrave;nh đi k&egrave;m k&iacute;nh bảo vệ Corning Gorilla Glass 5 v&agrave; cũng được trang bị cảm biến v&acirc;n tay được t&iacute;ch hợp b&ecirc;n trong gi&uacute;p cho thao t&aacute;c mở kh&oacute;a nhanh nhạy hơn.</p>\r\n<p style=\"font-weight: 400;\">Đạt chuẩn IP67 cho khả năng chống nước v&agrave; chống bụi, Galaxy A73 5G c&oacute; thể nằm ở độ s&acirc;u 1,0 m&eacute;t trong nước tối đa 30 ph&uacute;t cho người d&ugrave;ng v&ocirc; tư sử dụng ngay cả dưới trời mưa hay đổ mồ h&ocirc;i khi tập luyện.</p>\r\n<h3>M&agrave;n h&igrave;nh 120Hz đem lại trải nghiệm cuốn si&ecirc;u mượt</h3>\r\n<p style=\"font-weight: 400;\">&nbsp;</p>\r\n<p style=\"font-weight: 400;\">Galaxy A73 5G được trang bị m&agrave;n h&igrave;nh c&ocirc;ng nghệ FHD+ Super AMOLED Plus với k&iacute;ch thước 6.7&rdquo; mở rộng, độ s&aacute;ng 800 nits đem lại trải nghiệm h&igrave;nh ảnh đắm ch&igrave;m nhất. Ngo&agrave;i ra th&igrave; với chức năng giảm &aacute;nh s&aacute;ng xanh Eye Comfort Shield th&igrave; đ&ocirc;i mắt của bạn c&oacute; thể được bảo vệ tối ưu khi sử dụng trong thời gian d&agrave;i.</p>\r\n<p style=\"font-weight: 400;\">&nbsp;</p>\r\n<p style=\"font-weight: 400;\">Chiếc điện thoại c&ograve;n được trang bị tần số qu&eacute;t 120Hz c&ocirc;ng nghệ Super AMOLED Plus đem lại độ chi tiết c&ugrave;ng với độ tương phản sắc n&eacute;t, hứa hẹn sẽ đem lại trải nghiệm h&igrave;nh ảnh khi chơi game, xem phim,... mượt m&agrave; nhất.</p>\r\n<h3>Bộ bốn camera với nhiều chế độ chụp ảnh ảo diệu</h3>\r\n<p style=\"font-weight: 400;\">&nbsp;</p>\r\n<p style=\"font-weight: 400;\">Cụm camera sau của Samsung Galaxy A73 5G bao gồm camera ch&iacute;nh 108MP khẩu độ f/1.8, c&ugrave;ng với đ&oacute; l&agrave; camera g&oacute;c si&ecirc;u rộng 12MP khẩu độ f/2.2, camera macro 5MP khẩu độ f/2.4 v&agrave; camera x&oacute;a ph&ocirc;ng 5MP với khẩu độ khẩu độ f/2.4. Bộ camera AI với t&iacute;nh năng thu ph&oacute;ng quang kết hợp sẽ tạo ra những si&ecirc;u phẩm ảnh chụp hoặc video si&ecirc;u chi tiết v&agrave; giảm nhiễu hết mức c&oacute; thể.</p>\r\n<p style=\"font-weight: 400;\">&nbsp;</p>\r\n<p style=\"font-weight: 400;\">Samsung Galaxy A73 5G được trang bị c&ocirc;ng nghệ chống rung OIS v&agrave; VDIS ưu việt sẽ gi&uacute;p quay những thước phim v&ocirc; c&ugrave;ng ổn định v&agrave; r&otilde; n&eacute;t từng chi tiết v&agrave; m&agrave;u sắc sống động ngay cả khi xem ngo&agrave;i trời hoặc nơi &aacute;nh s&aacute;ng yếu.</p>\r\n<p style=\"font-weight: 400;\">Hơn nữa, bạn c&oacute; thể trải nghiệm chụp h&igrave;nh v&ocirc; c&ugrave;ng vui nhộn c&ugrave;ng Fun Mode! với c&aacute;c t&iacute;nh năng Snapchat được cập nhật thường xuy&ecirc;n để bạn c&oacute; những giờ khắc th&uacute; vị b&ecirc;n người th&acirc;n v&agrave; bạn b&egrave;.</p>\r\n<h3>Khả năng đa nhiệm đỉnh cao với Snapdragon&reg; 778G 5G</h3>\r\n<p style=\"font-weight: 400;\">&nbsp;</p>\r\n<p style=\"font-weight: 400;\">Điện thoại Galaxy A73 5G được trang bị con chip&nbsp; Snapdragon&reg; 778G 5G c&ugrave;ng t&iacute;nh năng chơi game cấp độ chuy&ecirc;n nghiệp, AI được tăng tốc để c&oacute; hiệu suất th&ocirc;ng minh hơn v&agrave; trải nghiệm chụp ảnh cao cấp. Đi k&egrave;m với đ&oacute; l&agrave; c&aacute;c phi&ecirc;n bản RAM 6GB/8GB v&agrave; bộ nhớ trong 129GB/256GB (c&oacute; thể mở rộng bộ nhớ lưu trữ đến 1TB) để bạn c&oacute; thể thỏa sức lưu giữ mọi khoảnh khắc trong cuộc sống.</p>\r\n<p style=\"font-weight: 400;\">Về hệ điều h&agrave;nh, m&aacute;y sẽ chạy hệ điều h&agrave;nh OneUI 4 để bạn c&oacute; thể vận h&agrave;nh m&aacute;y theo c&aacute;ch của ri&ecirc;ng m&igrave;nh, v&agrave; nhờ giao diện n&agrave;y th&igrave; Samsung Galaxy A73 5G cũng sẽ c&oacute; thể dễ d&agrave;ng kết nối với c&aacute;c thiết bị Galaxy kh&aacute;c để thao t&aacute;c tiện lợi v&agrave; nhanh hơn.</p>\r\n<p style=\"font-weight: 400;\">&nbsp;</p>\r\n<p style=\"font-weight: 400;\">Kh&ocirc;ng thể bỏ lỡ chế độ Game Booster tr&ecirc;n Samsung Galaxy A73 5G sẽ theo d&otilde;i thao t&aacute;c điều khiển của bạn để tối ưu h&oacute;a tuổi thọ pin, nhiệt độ v&agrave; bộ nhớ của thiết bị, đồng thời chặn c&aacute;c hoạt động nền v&agrave; th&ocirc;ng b&aacute;o để bạn kh&ocirc;ng bị mất tập trung. Đ&acirc;y cũng l&agrave; chiếc điện thoại ghi điểm với kết nối mạng 5G thần tốc mang lại trải nghiệm đỉnh cao để truyền dữ liệu cũng như cho những kết nối với người th&acirc;n nhanh ch&oacute;ng hơn.</p>\r\n<p style=\"font-weight: 400;\">Với Galaxy A73 5G, mọi dữ liệu của bạn đều được bảo vệ an to&agrave;n với nền tảng bảo mật cấp quốc ph&ograve;ng Samsung Knox bảo vệ điện thoại của bạn ngay từ khi được c&agrave;i đặt. C&ocirc;ng nghệ cung cấp bảo mật nhiều lớp, gi&uacute;p bảo vệ th&ocirc;ng tin nhạy cảm nhất của bạn khỏi phần mềm độc hại v&agrave; c&aacute;c mối đe dọa kh&aacute;c.</p>\r\n<h3>Pin khủng 5000mAh đem lại trải nghiệm hạng A cho cả ng&agrave;y d&agrave;i</h3>\r\n<p style=\"font-weight: 400;\">&nbsp;</p>\r\n<p style=\"font-weight: 400;\">Thiết bị Samsung Galaxy A73 5G đi k&egrave;m với vi&ecirc;n pin dung lượng 5000mAh c&oacute; thể trụ được đến 2 ng&agrave;y cho c&aacute;c t&aacute;c vụ đơn giản. Ngo&agrave;i ra, c&ocirc;ng nghệ sạc si&ecirc;u nhanh c&ocirc;ng suất đến 25W v&agrave; t&iacute;nh năng th&iacute;ch ứng th&oacute;i quen sử dụng c&oacute; sẵn tr&ecirc;n m&aacute;y sẽ n&acirc;ng cao hiệu suất của pin &ldquo;dế y&ecirc;u&rdquo; của bạn, cho ph&eacute;p bạn thỏa sức s&aacute;ng tạo c&ugrave;ng thiết bị n&agrave;y.</p>\r\n<p style=\"font-weight: 400;\">&nbsp;</p>\r\n<p style=\"font-weight: 400;\">Galaxy A73 5G hỗ trợ c&ocirc;ng nghệ &acirc;m thanh h&agrave;ng đầu Dolby Atmos, cho bạn những trải nghiệm &acirc;m thanh của những b&agrave;i h&aacute;t v&agrave; video r&otilde; n&eacute;t đ&aacute;ng kinh ngạc.</p>',1,1,3,50,'2023-07-11 11:23:22','2023-07-11 11:23:22',NULL),(18,'Huawei Watch GT3 Leather','huawei-watch-gt3-leather','image-removebg-preview-1_637849530358033646.png','/storage/product/1/1ZRMpMjYADoO3SgEY1Mq.png','5000000','4900000','<p><strong>K&iacute;ch thước m&agrave;n h&igrave;nh:</strong>&nbsp;46mm</p>\r\n<p><strong>K&iacute;ch thước:</strong>&nbsp;45.9 mm x 45.9 mm x 11 mm</p>\r\n<p><strong>Trọng lượng:</strong>&nbsp;42.6 g</p>','<p dir=\"ltr\">Huawei Watch GT3 Leather l&agrave; thế hệ tiếp theo của chiếc Watch GT 2 được ph&aacute;t h&agrave;nh từ 2019. D&ograve;ng đồng hồ n&agrave;y chạy hệ điều h&agrave;nh Harmony OS - hệ điều h&agrave;nh ri&ecirc;ng của Huawei d&ugrave;ng cho hệ sinh th&aacute;i của m&igrave;nh, từ đồng hồ th&ocirc;ng minh, TV đến điện thoại di động. Được biết, Huawei Watch GT3 Leather đ&atilde; được cải thiện rất nhiều so với thế hệ tiền nhiệm v&agrave; hứa hẹn tiếp tục l&agrave; chiếc smartwatch ho&agrave;n hảo nhất Huawei từng sản xuất.</p>\r\n<p dir=\"ltr\"><img src=\"https://cdn.hoanghamobile.com/i/content/Uploads/2022/01/17/picture1_637780315570327669.png\" /></p>\r\n<h3 dir=\"ltr\">Thiết kế cổ điển với khả năng chống nước 5ATM ấn tượng</h3>\r\n<p dir=\"ltr\">&nbsp;</p>\r\n<p dir=\"ltr\">Chiếc đồng hồ sở Huawei Watch GT3 Leather hữu thiết kế đơn giản với độ b&oacute;ng cao, k&egrave;m theo d&acirc;y đồng hồ tinh tế, mang lại vẻ ngo&agrave;i hiện đại, lịch sự. Tuy kh&ocirc;ng c&oacute; nhiều kh&aacute;c biệt so với những chiếc đồng hồ th&ocirc;ng minh Huawei kh&aacute;c nhưng Huawei Watch GT3 Leather cũng sở hữu những cải tiến khi bổ sung th&ecirc;m n&uacute;t xoay v&agrave; n&uacute;t chức năng để thuận tiện cho việc thao t&aacute;c của người d&ugrave;ng. Bạn chỉ cần xoay n&uacute;m vặn để ph&oacute;ng to v&agrave; thu nhỏ c&aacute;c ứng dụng tr&ecirc;n mặt đồng hồ, nhanh ch&oacute;ng truy cập chức năng m&agrave; bạn muốn. Với tốc độ l&agrave;m mới cao, bạn c&oacute; thể dễ d&agrave;ng c&agrave;i đặt &acirc;m lượng v&agrave; thời gian b&aacute;o thức ngay cả khi tay bạn đang ướt, từ đ&oacute; mang đến cho bạn trải nghiệm mượt m&agrave;, liền mạch.</p>\r\n<p dir=\"ltr\">&nbsp;</p>\r\n<p dir=\"ltr\">Với trọng lượng 35g, người d&ugrave;ng sẽ cảm thấy v&ocirc; c&ugrave;ng thoải m&aacute;i khi đeo m&agrave; kh&ocirc;ng cảm thấy bị nặng tay. Huawei Watch GT3 Leather sở hữu mặt đồng hồ với tấm nền AMOLED độ ph&acirc;n giải 466 x 466 pixel, đem đến khả năng hiển thị sắc n&eacute;t, sống động. Mặt đồng hồ n&agrave;y cũng cho khả năng phản chiếu &aacute;nh s&aacute;ng tr&ecirc;n lớp k&iacute;nh đồng hồ ph&aacute;t ra &aacute;nh s&aacute;ng lấp l&aacute;nh tựa mặt nước cực đẹp.</p>\r\n<p dir=\"ltr\">&nbsp;</p>\r\n<p dir=\"ltr\">Chưa hết, Huawei Watch GT3 cũng cho c&oacute; khả năng chống nước ở &aacute;p suất l&ecirc;n đến 5ATM, hỗ trợ kết nối bluetooth v&agrave; NFC, c&oacute; loa v&agrave; micro để nghe gọi khi kết nối với điện thoại, c&oacute; thể sử dụng như remote chụp ảnh. Ngo&agrave;i ra d&ograve;ng đồng hồ n&agrave;y c&ograve;n hỗ trợ t&iacute;nh năng HUAWEI Assistant TODAY để truy cập nhanh th&ocirc;ng tin về thời tiết v&agrave; c&aacute;c th&ocirc;ng tin kh&aacute;c. Bạn cũng c&oacute; thể tận hưởng nhiều tiện &iacute;ch hơn với c&aacute;c t&iacute;nh năng phong ph&uacute; của đồng hồ như chế độ thể thao, t&igrave;m kiếm v&agrave; b&aacute;o thức.</p>\r\n<p dir=\"ltr\">&nbsp;</p>\r\n<p dir=\"ltr\">Đ&aacute;ng ch&uacute; &yacute; l&agrave; cảm biến TruSeen 5.0+ ở mặt lưng của đồng hồ được tăng gấp đ&ocirc;i số lượng diod quang so với những thế hệ trước để kết quả đo được ch&iacute;nh x&aacute;c hơn.</p>\r\n<p dir=\"ltr\">&nbsp;<img src=\"https://cdn.hoanghamobile.com/i/content/Uploads/2022/01/17/picture2_637780315570327669.png\" /></p>\r\n<h3 dir=\"ltr\">Thời lượng pin sử dụng l&ecirc;n đến 7 ng&agrave;y c&ugrave;ng khả năng sạc kh&ocirc;ng d&acirc;y tiện lợi v&agrave; nhanh ch&oacute;ng</h3>\r\n<p dir=\"ltr\">&nbsp;</p>\r\n<p dir=\"ltr\">Theo Huawei c&ocirc;ng bố chiếc đồng hồ Huawei Watch GT3 Leather 42mm c&oacute; thể d&ugrave;ng l&ecirc;n đến 7 ng&agrave;y với nhu cầu sử dụng b&igrave;nh thường v&agrave; 8 ng&agrave;y khi sử dụng thường xuy&ecirc;n hơn. Cụ thể:</p>\r\n<p dir=\"ltr\">&nbsp;</p>\r\n<p dir=\"ltr\">Pin c&oacute; thể k&eacute;o d&agrave;i 7 ng&agrave;y trong c&aacute;c trường hợp sau: 30 ph&uacute;t gọi qua Bluetooth mỗi tuần, 30 ph&uacute;t chơi nhạc mỗi tuần, bật t&iacute;nh năng theo d&otilde;i nhịp tim, bật HUAWEI TruSleep để ngủ, 90 ph&uacute;t tập luyện mỗi tuần (bật GPS ), th&ocirc;ng b&aacute;o tin nhắn được bật (50 tin nhắn SMS, 6 cuộc gọi v&agrave; 3 b&aacute;o thức mỗi ng&agrave;y), m&agrave;n h&igrave;nh được bật 200 lần một ng&agrave;y.</p>\r\n<p>&nbsp;</p>\r\n<p dir=\"ltr\">Pin c&oacute; thể k&eacute;o d&agrave;i 4 ng&agrave;y trong c&aacute;c t&igrave;nh huống sau: 30 ph&uacute;t gọi qua Bluetooth mỗi tuần, 30 ph&uacute;t chơi nhạc mỗi tuần, bật theo d&otilde;i nhịp tim, bật HUAWEI TruSleep để ngủ, bật theo d&otilde;i căng thẳng, 180 ph&uacute;t tập luyện mỗi tuần (bật GPS), bật th&ocirc;ng b&aacute;o tin nhắn (50 tin nhắn SMS, 6 cuộc gọi v&agrave; 3 b&aacute;o thức mỗi ng&agrave;y), m&agrave;n h&igrave;nh được bật 30 ph&uacute;t mỗi ng&agrave;y.&nbsp;</p>\r\n<p>&nbsp;</p>\r\n<p dir=\"ltr\">Đặc biệt, d&ograve;ng đồng hồ n&agrave;y c&ograve;n hỗ trợ sạc kh&ocirc;ng d&acirc;y hỗ trợ bạn c&oacute; thể sử dụng điện thoại v&agrave; sạc ngược cho đồng hồ khi bạn qu&ecirc;n sạc, tạm biệt nỗi lo về thời lượng sử dụng pin.</p>\r\n<p dir=\"ltr\">&nbsp;<img src=\"https://cdn.hoanghamobile.com/i/content/Uploads/2022/01/17/picture3_637780315570483915.png\" /></p>\r\n<h3 dir=\"ltr\">T&iacute;nh năng theo d&otilde;i nhịp tim đ&aacute;ng tin cậy, hỗ trợ 100 chế độ tập luyện kh&aacute;c nhau</h3>\r\n<p dir=\"ltr\">&nbsp;</p>\r\n<p dir=\"ltr\">Huawei Watch GT3 Leather sở hữu t&iacute;nh năng theo d&otilde;i nhịp tim mới n&acirc;ng cấp gồm c&oacute; t&aacute;m diode quang được bố cục theo h&igrave;nh tr&ograve;n v&agrave; hai bộ ph&aacute;t nguồn s&aacute;ng, kết hợp với thấu k&iacute;nh thủy tinh cong đem lại trải nghiệm đeo thoải m&aacute;i v&agrave; giảm nhiễu &aacute;nh s&aacute;ng b&ecirc;n ngo&agrave;i; thuật to&aacute;n AI được n&acirc;ng cấp để lọc c&aacute;c t&iacute;n hiệu nhiễu hiệu quả hơn, cho ph&eacute;p theo d&otilde;i nhịp tim ch&iacute;nh x&aacute;c ngay cả khi bạn đang hăng say tập luyện v&agrave; cải thiện độ ch&iacute;nh x&aacute;c của dữ liệu về sức khỏe như nồng độ oxy trong m&aacute;u.</p>\r\n<p dir=\"ltr\">&nbsp;</p>\r\n<p dir=\"ltr\">Sản phẩm đồng hồ Huawei Watch GT3 Leather n&agrave;y thực sự l&agrave; một huấn luyện vi&ecirc;n chạy bộ c&aacute; nh&acirc;n tuyệt vời khi hỗ trợ 5 hệ thống định vị vệ tinh to&agrave;n cầu (GNSS) băng tần k&eacute;p, đ&aacute;nh gi&aacute; khả năng luyện tập của bạn dựa tr&ecirc;n dữ liệu chạy bộ trước đ&acirc;y, đ&aacute;nh gi&aacute; c&aacute;c chỉ số như tốc độ, nhịp tim v&agrave; qu&atilde;ng đường chạy bộ để đưa ra lộ tr&igrave;nh tập luyện ph&ugrave; hợp. Đặc biệt, chiếc đồng hồ n&agrave;y nh&agrave; Huawei c&ograve;n cung cấp t&iacute;nh năng &ldquo;Lộ tr&igrave;nh quay về&rdquo; để chỉ dẫn quay về lộ tr&igrave;nh đ&uacute;ng khi bạn bị mất phương hướng.</p>',1,1,14,10,'2023-07-13 10:53:33','2023-07-13 10:53:33',NULL),(19,'Huawei Watch GT3 Pro','huawei-watch-gt3-pro','image-removebg-preview-14 (1).png','/storage/product/1/rDrJ3zczbMvSuUuD7Smh.png','6990000','5900000','<p><strong>K&iacute;ch thước m&agrave;n h&igrave;nh:</strong>&nbsp;46mm</p>\r\n<p><strong>K&iacute;ch thước:</strong>&nbsp;45.9 mm x 45.9 mm x 11 mm</p>\r\n<p><strong>Trọng lượng:</strong>&nbsp;42.6 g</p>','<p dir=\"ltr\">Huawei Watch GT3 Leather l&agrave; thế hệ tiếp theo của chiếc Watch GT 2 được ph&aacute;t h&agrave;nh từ 2019. D&ograve;ng đồng hồ n&agrave;y chạy hệ điều h&agrave;nh Harmony OS - hệ điều h&agrave;nh ri&ecirc;ng của Huawei d&ugrave;ng cho hệ sinh th&aacute;i của m&igrave;nh, từ đồng hồ th&ocirc;ng minh, TV đến điện thoại di động. Được biết, Huawei Watch GT3 Leather đ&atilde; được cải thiện rất nhiều so với thế hệ tiền nhiệm v&agrave; hứa hẹn tiếp tục l&agrave; chiếc smartwatch ho&agrave;n hảo nhất Huawei từng sản xuất.</p>\r\n<p dir=\"ltr\"><img src=\"https://cdn.hoanghamobile.com/i/content/Uploads/2022/01/17/picture1_637780315570327669.png\" /></p>\r\n<h3 dir=\"ltr\">Thiết kế cổ điển với khả năng chống nước 5ATM ấn tượng</h3>\r\n<p dir=\"ltr\">&nbsp;</p>\r\n<p dir=\"ltr\">Chiếc đồng hồ sở Huawei Watch GT3 Leather hữu thiết kế đơn giản với độ b&oacute;ng cao, k&egrave;m theo d&acirc;y đồng hồ tinh tế, mang lại vẻ ngo&agrave;i hiện đại, lịch sự. Tuy kh&ocirc;ng c&oacute; nhiều kh&aacute;c biệt so với những chiếc đồng hồ th&ocirc;ng minh Huawei kh&aacute;c nhưng Huawei Watch GT3 Leather cũng sở hữu những cải tiến khi bổ sung th&ecirc;m n&uacute;t xoay v&agrave; n&uacute;t chức năng để thuận tiện cho việc thao t&aacute;c của người d&ugrave;ng. Bạn chỉ cần xoay n&uacute;m vặn để ph&oacute;ng to v&agrave; thu nhỏ c&aacute;c ứng dụng tr&ecirc;n mặt đồng hồ, nhanh ch&oacute;ng truy cập chức năng m&agrave; bạn muốn. Với tốc độ l&agrave;m mới cao, bạn c&oacute; thể dễ d&agrave;ng c&agrave;i đặt &acirc;m lượng v&agrave; thời gian b&aacute;o thức ngay cả khi tay bạn đang ướt, từ đ&oacute; mang đến cho bạn trải nghiệm mượt m&agrave;, liền mạch.</p>\r\n<p dir=\"ltr\">&nbsp;</p>\r\n<p dir=\"ltr\">Với trọng lượng 35g, người d&ugrave;ng sẽ cảm thấy v&ocirc; c&ugrave;ng thoải m&aacute;i khi đeo m&agrave; kh&ocirc;ng cảm thấy bị nặng tay. Huawei Watch GT3 Leather sở hữu mặt đồng hồ với tấm nền AMOLED độ ph&acirc;n giải 466 x 466 pixel, đem đến khả năng hiển thị sắc n&eacute;t, sống động. Mặt đồng hồ n&agrave;y cũng cho khả năng phản chiếu &aacute;nh s&aacute;ng tr&ecirc;n lớp k&iacute;nh đồng hồ ph&aacute;t ra &aacute;nh s&aacute;ng lấp l&aacute;nh tựa mặt nước cực đẹp.</p>\r\n<p dir=\"ltr\">&nbsp;</p>\r\n<p dir=\"ltr\">Chưa hết, Huawei Watch GT3 cũng cho c&oacute; khả năng chống nước ở &aacute;p suất l&ecirc;n đến 5ATM, hỗ trợ kết nối bluetooth v&agrave; NFC, c&oacute; loa v&agrave; micro để nghe gọi khi kết nối với điện thoại, c&oacute; thể sử dụng như remote chụp ảnh. Ngo&agrave;i ra d&ograve;ng đồng hồ n&agrave;y c&ograve;n hỗ trợ t&iacute;nh năng HUAWEI Assistant TODAY để truy cập nhanh th&ocirc;ng tin về thời tiết v&agrave; c&aacute;c th&ocirc;ng tin kh&aacute;c. Bạn cũng c&oacute; thể tận hưởng nhiều tiện &iacute;ch hơn với c&aacute;c t&iacute;nh năng phong ph&uacute; của đồng hồ như chế độ thể thao, t&igrave;m kiếm v&agrave; b&aacute;o thức.</p>\r\n<p dir=\"ltr\">&nbsp;</p>\r\n<p dir=\"ltr\">Đ&aacute;ng ch&uacute; &yacute; l&agrave; cảm biến TruSeen 5.0+ ở mặt lưng của đồng hồ được tăng gấp đ&ocirc;i số lượng diod quang so với những thế hệ trước để kết quả đo được ch&iacute;nh x&aacute;c hơn.</p>\r\n<p dir=\"ltr\">&nbsp;<img src=\"https://cdn.hoanghamobile.com/i/content/Uploads/2022/01/17/picture2_637780315570327669.png\" /></p>\r\n<h3 dir=\"ltr\">Thời lượng pin sử dụng l&ecirc;n đến 7 ng&agrave;y c&ugrave;ng khả năng sạc kh&ocirc;ng d&acirc;y tiện lợi v&agrave; nhanh ch&oacute;ng</h3>\r\n<p dir=\"ltr\">&nbsp;</p>\r\n<p dir=\"ltr\">Theo Huawei c&ocirc;ng bố chiếc đồng hồ Huawei Watch GT3 Leather 42mm c&oacute; thể d&ugrave;ng l&ecirc;n đến 7 ng&agrave;y với nhu cầu sử dụng b&igrave;nh thường v&agrave; 8 ng&agrave;y khi sử dụng thường xuy&ecirc;n hơn. Cụ thể:</p>\r\n<p dir=\"ltr\">&nbsp;</p>\r\n<p dir=\"ltr\">Pin c&oacute; thể k&eacute;o d&agrave;i 7 ng&agrave;y trong c&aacute;c trường hợp sau: 30 ph&uacute;t gọi qua Bluetooth mỗi tuần, 30 ph&uacute;t chơi nhạc mỗi tuần, bật t&iacute;nh năng theo d&otilde;i nhịp tim, bật HUAWEI TruSleep để ngủ, 90 ph&uacute;t tập luyện mỗi tuần (bật GPS ), th&ocirc;ng b&aacute;o tin nhắn được bật (50 tin nhắn SMS, 6 cuộc gọi v&agrave; 3 b&aacute;o thức mỗi ng&agrave;y), m&agrave;n h&igrave;nh được bật 200 lần một ng&agrave;y.</p>\r\n<p>&nbsp;</p>\r\n<p dir=\"ltr\">Pin c&oacute; thể k&eacute;o d&agrave;i 4 ng&agrave;y trong c&aacute;c t&igrave;nh huống sau: 30 ph&uacute;t gọi qua Bluetooth mỗi tuần, 30 ph&uacute;t chơi nhạc mỗi tuần, bật theo d&otilde;i nhịp tim, bật HUAWEI TruSleep để ngủ, bật theo d&otilde;i căng thẳng, 180 ph&uacute;t tập luyện mỗi tuần (bật GPS), bật th&ocirc;ng b&aacute;o tin nhắn (50 tin nhắn SMS, 6 cuộc gọi v&agrave; 3 b&aacute;o thức mỗi ng&agrave;y), m&agrave;n h&igrave;nh được bật 30 ph&uacute;t mỗi ng&agrave;y.&nbsp;</p>\r\n<p>&nbsp;</p>\r\n<p dir=\"ltr\">Đặc biệt, d&ograve;ng đồng hồ n&agrave;y c&ograve;n hỗ trợ sạc kh&ocirc;ng d&acirc;y hỗ trợ bạn c&oacute; thể sử dụng điện thoại v&agrave; sạc ngược cho đồng hồ khi bạn qu&ecirc;n sạc, tạm biệt nỗi lo về thời lượng sử dụng pin.</p>\r\n<p dir=\"ltr\">&nbsp;<img src=\"https://cdn.hoanghamobile.com/i/content/Uploads/2022/01/17/picture3_637780315570483915.png\" /></p>\r\n<h3 dir=\"ltr\">T&iacute;nh năng theo d&otilde;i nhịp tim đ&aacute;ng tin cậy, hỗ trợ 100 chế độ tập luyện kh&aacute;c nhau</h3>\r\n<p dir=\"ltr\">&nbsp;</p>\r\n<p dir=\"ltr\">Huawei Watch GT3 Leather sở hữu t&iacute;nh năng theo d&otilde;i nhịp tim mới n&acirc;ng cấp gồm c&oacute; t&aacute;m diode quang được bố cục theo h&igrave;nh tr&ograve;n v&agrave; hai bộ ph&aacute;t nguồn s&aacute;ng, kết hợp với thấu k&iacute;nh thủy tinh cong đem lại trải nghiệm đeo thoải m&aacute;i v&agrave; giảm nhiễu &aacute;nh s&aacute;ng b&ecirc;n ngo&agrave;i; thuật to&aacute;n AI được n&acirc;ng cấp để lọc c&aacute;c t&iacute;n hiệu nhiễu hiệu quả hơn, cho ph&eacute;p theo d&otilde;i nhịp tim ch&iacute;nh x&aacute;c ngay cả khi bạn đang hăng say tập luyện v&agrave; cải thiện độ ch&iacute;nh x&aacute;c của dữ liệu về sức khỏe như nồng độ oxy trong m&aacute;u.</p>\r\n<p dir=\"ltr\">&nbsp;</p>\r\n<p dir=\"ltr\">Sản phẩm đồng hồ Huawei Watch GT3 Leather n&agrave;y thực sự l&agrave; một huấn luyện vi&ecirc;n chạy bộ c&aacute; nh&acirc;n tuyệt vời khi hỗ trợ 5 hệ thống định vị vệ tinh to&agrave;n cầu (GNSS) băng tần k&eacute;p, đ&aacute;nh gi&aacute; khả năng luyện tập của bạn dựa tr&ecirc;n dữ liệu chạy bộ trước đ&acirc;y, đ&aacute;nh gi&aacute; c&aacute;c chỉ số như tốc độ, nhịp tim v&agrave; qu&atilde;ng đường chạy bộ để đưa ra lộ tr&igrave;nh tập luyện ph&ugrave; hợp. Đặc biệt, chiếc đồng hồ n&agrave;y nh&agrave; Huawei c&ograve;n cung cấp t&iacute;nh năng &ldquo;Lộ tr&igrave;nh quay về&rdquo; để chỉ dẫn quay về lộ tr&igrave;nh đ&uacute;ng khi bạn bị mất phương hướng.</p>',1,1,14,10,'2023-07-13 10:56:10','2023-07-13 10:56:10',NULL),(20,'Huawei Watch GT Runner','huawei-watch-gt-runner','image-removebg-preview-1_637788897667454365.png','/storage/product/1/Rr6r4yiA6CFRdeySJjDI.png','3990000','2900000','<p><strong>K&iacute;ch thước m&agrave;n h&igrave;nh:</strong>&nbsp;46mm</p>\r\n<p><strong>K&iacute;ch thước:</strong>&nbsp;45.9 mm x 45.9 mm x 11 mm</p>\r\n<p><strong>Trọng lượng:</strong>&nbsp;42.6 g</p>','<p dir=\"ltr\">Huawei Watch GT3 Leather l&agrave; thế hệ tiếp theo của chiếc Watch GT 2 được ph&aacute;t h&agrave;nh từ 2019. D&ograve;ng đồng hồ n&agrave;y chạy hệ điều h&agrave;nh Harmony OS - hệ điều h&agrave;nh ri&ecirc;ng của Huawei d&ugrave;ng cho hệ sinh th&aacute;i của m&igrave;nh, từ đồng hồ th&ocirc;ng minh, TV đến điện thoại di động. Được biết, Huawei Watch GT3 Leather đ&atilde; được cải thiện rất nhiều so với thế hệ tiền nhiệm v&agrave; hứa hẹn tiếp tục l&agrave; chiếc smartwatch ho&agrave;n hảo nhất Huawei từng sản xuất.</p>\r\n<p dir=\"ltr\"><img src=\"https://cdn.hoanghamobile.com/i/content/Uploads/2022/01/17/picture1_637780315570327669.png\" /></p>\r\n<h3 dir=\"ltr\">Thiết kế cổ điển với khả năng chống nước 5ATM ấn tượng</h3>\r\n<p dir=\"ltr\">&nbsp;</p>\r\n<p dir=\"ltr\">Chiếc đồng hồ sở Huawei Watch GT3 Leather hữu thiết kế đơn giản với độ b&oacute;ng cao, k&egrave;m theo d&acirc;y đồng hồ tinh tế, mang lại vẻ ngo&agrave;i hiện đại, lịch sự. Tuy kh&ocirc;ng c&oacute; nhiều kh&aacute;c biệt so với những chiếc đồng hồ th&ocirc;ng minh Huawei kh&aacute;c nhưng Huawei Watch GT3 Leather cũng sở hữu những cải tiến khi bổ sung th&ecirc;m n&uacute;t xoay v&agrave; n&uacute;t chức năng để thuận tiện cho việc thao t&aacute;c của người d&ugrave;ng. Bạn chỉ cần xoay n&uacute;m vặn để ph&oacute;ng to v&agrave; thu nhỏ c&aacute;c ứng dụng tr&ecirc;n mặt đồng hồ, nhanh ch&oacute;ng truy cập chức năng m&agrave; bạn muốn. Với tốc độ l&agrave;m mới cao, bạn c&oacute; thể dễ d&agrave;ng c&agrave;i đặt &acirc;m lượng v&agrave; thời gian b&aacute;o thức ngay cả khi tay bạn đang ướt, từ đ&oacute; mang đến cho bạn trải nghiệm mượt m&agrave;, liền mạch.</p>\r\n<p dir=\"ltr\">&nbsp;</p>\r\n<p dir=\"ltr\">Với trọng lượng 35g, người d&ugrave;ng sẽ cảm thấy v&ocirc; c&ugrave;ng thoải m&aacute;i khi đeo m&agrave; kh&ocirc;ng cảm thấy bị nặng tay. Huawei Watch GT3 Leather sở hữu mặt đồng hồ với tấm nền AMOLED độ ph&acirc;n giải 466 x 466 pixel, đem đến khả năng hiển thị sắc n&eacute;t, sống động. Mặt đồng hồ n&agrave;y cũng cho khả năng phản chiếu &aacute;nh s&aacute;ng tr&ecirc;n lớp k&iacute;nh đồng hồ ph&aacute;t ra &aacute;nh s&aacute;ng lấp l&aacute;nh tựa mặt nước cực đẹp.</p>\r\n<p dir=\"ltr\">&nbsp;</p>\r\n<p dir=\"ltr\">Chưa hết, Huawei Watch GT3 cũng cho c&oacute; khả năng chống nước ở &aacute;p suất l&ecirc;n đến 5ATM, hỗ trợ kết nối bluetooth v&agrave; NFC, c&oacute; loa v&agrave; micro để nghe gọi khi kết nối với điện thoại, c&oacute; thể sử dụng như remote chụp ảnh. Ngo&agrave;i ra d&ograve;ng đồng hồ n&agrave;y c&ograve;n hỗ trợ t&iacute;nh năng HUAWEI Assistant TODAY để truy cập nhanh th&ocirc;ng tin về thời tiết v&agrave; c&aacute;c th&ocirc;ng tin kh&aacute;c. Bạn cũng c&oacute; thể tận hưởng nhiều tiện &iacute;ch hơn với c&aacute;c t&iacute;nh năng phong ph&uacute; của đồng hồ như chế độ thể thao, t&igrave;m kiếm v&agrave; b&aacute;o thức.</p>\r\n<p dir=\"ltr\">&nbsp;</p>\r\n<p dir=\"ltr\">Đ&aacute;ng ch&uacute; &yacute; l&agrave; cảm biến TruSeen 5.0+ ở mặt lưng của đồng hồ được tăng gấp đ&ocirc;i số lượng diod quang so với những thế hệ trước để kết quả đo được ch&iacute;nh x&aacute;c hơn.</p>\r\n<p dir=\"ltr\">&nbsp;<img src=\"https://cdn.hoanghamobile.com/i/content/Uploads/2022/01/17/picture2_637780315570327669.png\" /></p>\r\n<h3 dir=\"ltr\">Thời lượng pin sử dụng l&ecirc;n đến 7 ng&agrave;y c&ugrave;ng khả năng sạc kh&ocirc;ng d&acirc;y tiện lợi v&agrave; nhanh ch&oacute;ng</h3>\r\n<p dir=\"ltr\">&nbsp;</p>\r\n<p dir=\"ltr\">Theo Huawei c&ocirc;ng bố chiếc đồng hồ Huawei Watch GT3 Leather 42mm c&oacute; thể d&ugrave;ng l&ecirc;n đến 7 ng&agrave;y với nhu cầu sử dụng b&igrave;nh thường v&agrave; 8 ng&agrave;y khi sử dụng thường xuy&ecirc;n hơn. Cụ thể:</p>\r\n<p dir=\"ltr\">&nbsp;</p>\r\n<p dir=\"ltr\">Pin c&oacute; thể k&eacute;o d&agrave;i 7 ng&agrave;y trong c&aacute;c trường hợp sau: 30 ph&uacute;t gọi qua Bluetooth mỗi tuần, 30 ph&uacute;t chơi nhạc mỗi tuần, bật t&iacute;nh năng theo d&otilde;i nhịp tim, bật HUAWEI TruSleep để ngủ, 90 ph&uacute;t tập luyện mỗi tuần (bật GPS ), th&ocirc;ng b&aacute;o tin nhắn được bật (50 tin nhắn SMS, 6 cuộc gọi v&agrave; 3 b&aacute;o thức mỗi ng&agrave;y), m&agrave;n h&igrave;nh được bật 200 lần một ng&agrave;y.</p>\r\n<p>&nbsp;</p>\r\n<p dir=\"ltr\">Pin c&oacute; thể k&eacute;o d&agrave;i 4 ng&agrave;y trong c&aacute;c t&igrave;nh huống sau: 30 ph&uacute;t gọi qua Bluetooth mỗi tuần, 30 ph&uacute;t chơi nhạc mỗi tuần, bật theo d&otilde;i nhịp tim, bật HUAWEI TruSleep để ngủ, bật theo d&otilde;i căng thẳng, 180 ph&uacute;t tập luyện mỗi tuần (bật GPS), bật th&ocirc;ng b&aacute;o tin nhắn (50 tin nhắn SMS, 6 cuộc gọi v&agrave; 3 b&aacute;o thức mỗi ng&agrave;y), m&agrave;n h&igrave;nh được bật 30 ph&uacute;t mỗi ng&agrave;y.&nbsp;</p>\r\n<p>&nbsp;</p>\r\n<p dir=\"ltr\">Đặc biệt, d&ograve;ng đồng hồ n&agrave;y c&ograve;n hỗ trợ sạc kh&ocirc;ng d&acirc;y hỗ trợ bạn c&oacute; thể sử dụng điện thoại v&agrave; sạc ngược cho đồng hồ khi bạn qu&ecirc;n sạc, tạm biệt nỗi lo về thời lượng sử dụng pin.</p>\r\n<p dir=\"ltr\">&nbsp;<img src=\"https://cdn.hoanghamobile.com/i/content/Uploads/2022/01/17/picture3_637780315570483915.png\" /></p>\r\n<h3 dir=\"ltr\">T&iacute;nh năng theo d&otilde;i nhịp tim đ&aacute;ng tin cậy, hỗ trợ 100 chế độ tập luyện kh&aacute;c nhau</h3>\r\n<p dir=\"ltr\">&nbsp;</p>\r\n<p dir=\"ltr\">Huawei Watch GT3 Leather sở hữu t&iacute;nh năng theo d&otilde;i nhịp tim mới n&acirc;ng cấp gồm c&oacute; t&aacute;m diode quang được bố cục theo h&igrave;nh tr&ograve;n v&agrave; hai bộ ph&aacute;t nguồn s&aacute;ng, kết hợp với thấu k&iacute;nh thủy tinh cong đem lại trải nghiệm đeo thoải m&aacute;i v&agrave; giảm nhiễu &aacute;nh s&aacute;ng b&ecirc;n ngo&agrave;i; thuật to&aacute;n AI được n&acirc;ng cấp để lọc c&aacute;c t&iacute;n hiệu nhiễu hiệu quả hơn, cho ph&eacute;p theo d&otilde;i nhịp tim ch&iacute;nh x&aacute;c ngay cả khi bạn đang hăng say tập luyện v&agrave; cải thiện độ ch&iacute;nh x&aacute;c của dữ liệu về sức khỏe như nồng độ oxy trong m&aacute;u.</p>\r\n<p dir=\"ltr\">&nbsp;</p>\r\n<p dir=\"ltr\">Sản phẩm đồng hồ Huawei Watch GT3 Leather n&agrave;y thực sự l&agrave; một huấn luyện vi&ecirc;n chạy bộ c&aacute; nh&acirc;n tuyệt vời khi hỗ trợ 5 hệ thống định vị vệ tinh to&agrave;n cầu (GNSS) băng tần k&eacute;p, đ&aacute;nh gi&aacute; khả năng luyện tập của bạn dựa tr&ecirc;n dữ liệu chạy bộ trước đ&acirc;y, đ&aacute;nh gi&aacute; c&aacute;c chỉ số như tốc độ, nhịp tim v&agrave; qu&atilde;ng đường chạy bộ để đưa ra lộ tr&igrave;nh tập luyện ph&ugrave; hợp. Đặc biệt, chiếc đồng hồ n&agrave;y nh&agrave; Huawei c&ograve;n cung cấp t&iacute;nh năng &ldquo;Lộ tr&igrave;nh quay về&rdquo; để chỉ dẫn quay về lộ tr&igrave;nh đ&uacute;ng khi bạn bị mất phương hướng.</p>',1,1,14,10,'2023-07-13 10:57:49','2023-07-13 10:57:49',NULL),(21,'Huawei Watch GT Runner','huawei-watch-gt-runner','image-removebg-preview_637788897667454365.png','/storage/product/1/QMBbzDVGnx8SssJJPmFW.png','3990000','2900000','<p><strong>K&iacute;ch thước m&agrave;n h&igrave;nh:</strong>&nbsp;46mm</p>\r\n<p><strong>K&iacute;ch thước:</strong>&nbsp;45.9 mm x 45.9 mm x 11 mm</p>\r\n<p><strong>Trọng lượng:</strong>&nbsp;42.6 g</p>','<p dir=\"ltr\">Huawei Watch GT3 Leather l&agrave; thế hệ tiếp theo của chiếc Watch GT 2 được ph&aacute;t h&agrave;nh từ 2019. D&ograve;ng đồng hồ n&agrave;y chạy hệ điều h&agrave;nh Harmony OS - hệ điều h&agrave;nh ri&ecirc;ng của Huawei d&ugrave;ng cho hệ sinh th&aacute;i của m&igrave;nh, từ đồng hồ th&ocirc;ng minh, TV đến điện thoại di động. Được biết, Huawei Watch GT3 Leather đ&atilde; được cải thiện rất nhiều so với thế hệ tiền nhiệm v&agrave; hứa hẹn tiếp tục l&agrave; chiếc smartwatch ho&agrave;n hảo nhất Huawei từng sản xuất.</p>\r\n<p dir=\"ltr\"><img src=\"https://cdn.hoanghamobile.com/i/content/Uploads/2022/01/17/picture1_637780315570327669.png\" /></p>\r\n<h3 dir=\"ltr\">Thiết kế cổ điển với khả năng chống nước 5ATM ấn tượng</h3>\r\n<p dir=\"ltr\">&nbsp;</p>\r\n<p dir=\"ltr\">Chiếc đồng hồ sở Huawei Watch GT3 Leather hữu thiết kế đơn giản với độ b&oacute;ng cao, k&egrave;m theo d&acirc;y đồng hồ tinh tế, mang lại vẻ ngo&agrave;i hiện đại, lịch sự. Tuy kh&ocirc;ng c&oacute; nhiều kh&aacute;c biệt so với những chiếc đồng hồ th&ocirc;ng minh Huawei kh&aacute;c nhưng Huawei Watch GT3 Leather cũng sở hữu những cải tiến khi bổ sung th&ecirc;m n&uacute;t xoay v&agrave; n&uacute;t chức năng để thuận tiện cho việc thao t&aacute;c của người d&ugrave;ng. Bạn chỉ cần xoay n&uacute;m vặn để ph&oacute;ng to v&agrave; thu nhỏ c&aacute;c ứng dụng tr&ecirc;n mặt đồng hồ, nhanh ch&oacute;ng truy cập chức năng m&agrave; bạn muốn. Với tốc độ l&agrave;m mới cao, bạn c&oacute; thể dễ d&agrave;ng c&agrave;i đặt &acirc;m lượng v&agrave; thời gian b&aacute;o thức ngay cả khi tay bạn đang ướt, từ đ&oacute; mang đến cho bạn trải nghiệm mượt m&agrave;, liền mạch.</p>\r\n<p dir=\"ltr\">&nbsp;</p>\r\n<p dir=\"ltr\">Với trọng lượng 35g, người d&ugrave;ng sẽ cảm thấy v&ocirc; c&ugrave;ng thoải m&aacute;i khi đeo m&agrave; kh&ocirc;ng cảm thấy bị nặng tay. Huawei Watch GT3 Leather sở hữu mặt đồng hồ với tấm nền AMOLED độ ph&acirc;n giải 466 x 466 pixel, đem đến khả năng hiển thị sắc n&eacute;t, sống động. Mặt đồng hồ n&agrave;y cũng cho khả năng phản chiếu &aacute;nh s&aacute;ng tr&ecirc;n lớp k&iacute;nh đồng hồ ph&aacute;t ra &aacute;nh s&aacute;ng lấp l&aacute;nh tựa mặt nước cực đẹp.</p>\r\n<p dir=\"ltr\">&nbsp;</p>\r\n<p dir=\"ltr\">Chưa hết, Huawei Watch GT3 cũng cho c&oacute; khả năng chống nước ở &aacute;p suất l&ecirc;n đến 5ATM, hỗ trợ kết nối bluetooth v&agrave; NFC, c&oacute; loa v&agrave; micro để nghe gọi khi kết nối với điện thoại, c&oacute; thể sử dụng như remote chụp ảnh. Ngo&agrave;i ra d&ograve;ng đồng hồ n&agrave;y c&ograve;n hỗ trợ t&iacute;nh năng HUAWEI Assistant TODAY để truy cập nhanh th&ocirc;ng tin về thời tiết v&agrave; c&aacute;c th&ocirc;ng tin kh&aacute;c. Bạn cũng c&oacute; thể tận hưởng nhiều tiện &iacute;ch hơn với c&aacute;c t&iacute;nh năng phong ph&uacute; của đồng hồ như chế độ thể thao, t&igrave;m kiếm v&agrave; b&aacute;o thức.</p>\r\n<p dir=\"ltr\">&nbsp;</p>\r\n<p dir=\"ltr\">Đ&aacute;ng ch&uacute; &yacute; l&agrave; cảm biến TruSeen 5.0+ ở mặt lưng của đồng hồ được tăng gấp đ&ocirc;i số lượng diod quang so với những thế hệ trước để kết quả đo được ch&iacute;nh x&aacute;c hơn.</p>\r\n<p dir=\"ltr\">&nbsp;<img src=\"https://cdn.hoanghamobile.com/i/content/Uploads/2022/01/17/picture2_637780315570327669.png\" /></p>\r\n<h3 dir=\"ltr\">Thời lượng pin sử dụng l&ecirc;n đến 7 ng&agrave;y c&ugrave;ng khả năng sạc kh&ocirc;ng d&acirc;y tiện lợi v&agrave; nhanh ch&oacute;ng</h3>\r\n<p dir=\"ltr\">&nbsp;</p>\r\n<p dir=\"ltr\">Theo Huawei c&ocirc;ng bố chiếc đồng hồ Huawei Watch GT3 Leather 42mm c&oacute; thể d&ugrave;ng l&ecirc;n đến 7 ng&agrave;y với nhu cầu sử dụng b&igrave;nh thường v&agrave; 8 ng&agrave;y khi sử dụng thường xuy&ecirc;n hơn. Cụ thể:</p>\r\n<p dir=\"ltr\">&nbsp;</p>\r\n<p dir=\"ltr\">Pin c&oacute; thể k&eacute;o d&agrave;i 7 ng&agrave;y trong c&aacute;c trường hợp sau: 30 ph&uacute;t gọi qua Bluetooth mỗi tuần, 30 ph&uacute;t chơi nhạc mỗi tuần, bật t&iacute;nh năng theo d&otilde;i nhịp tim, bật HUAWEI TruSleep để ngủ, 90 ph&uacute;t tập luyện mỗi tuần (bật GPS ), th&ocirc;ng b&aacute;o tin nhắn được bật (50 tin nhắn SMS, 6 cuộc gọi v&agrave; 3 b&aacute;o thức mỗi ng&agrave;y), m&agrave;n h&igrave;nh được bật 200 lần một ng&agrave;y.</p>\r\n<p>&nbsp;</p>\r\n<p dir=\"ltr\">Pin c&oacute; thể k&eacute;o d&agrave;i 4 ng&agrave;y trong c&aacute;c t&igrave;nh huống sau: 30 ph&uacute;t gọi qua Bluetooth mỗi tuần, 30 ph&uacute;t chơi nhạc mỗi tuần, bật theo d&otilde;i nhịp tim, bật HUAWEI TruSleep để ngủ, bật theo d&otilde;i căng thẳng, 180 ph&uacute;t tập luyện mỗi tuần (bật GPS), bật th&ocirc;ng b&aacute;o tin nhắn (50 tin nhắn SMS, 6 cuộc gọi v&agrave; 3 b&aacute;o thức mỗi ng&agrave;y), m&agrave;n h&igrave;nh được bật 30 ph&uacute;t mỗi ng&agrave;y.&nbsp;</p>\r\n<p>&nbsp;</p>\r\n<p dir=\"ltr\">Đặc biệt, d&ograve;ng đồng hồ n&agrave;y c&ograve;n hỗ trợ sạc kh&ocirc;ng d&acirc;y hỗ trợ bạn c&oacute; thể sử dụng điện thoại v&agrave; sạc ngược cho đồng hồ khi bạn qu&ecirc;n sạc, tạm biệt nỗi lo về thời lượng sử dụng pin.</p>\r\n<p dir=\"ltr\">&nbsp;<img src=\"https://cdn.hoanghamobile.com/i/content/Uploads/2022/01/17/picture3_637780315570483915.png\" /></p>\r\n<h3 dir=\"ltr\">T&iacute;nh năng theo d&otilde;i nhịp tim đ&aacute;ng tin cậy, hỗ trợ 100 chế độ tập luyện kh&aacute;c nhau</h3>\r\n<p dir=\"ltr\">&nbsp;</p>\r\n<p dir=\"ltr\">Huawei Watch GT3 Leather sở hữu t&iacute;nh năng theo d&otilde;i nhịp tim mới n&acirc;ng cấp gồm c&oacute; t&aacute;m diode quang được bố cục theo h&igrave;nh tr&ograve;n v&agrave; hai bộ ph&aacute;t nguồn s&aacute;ng, kết hợp với thấu k&iacute;nh thủy tinh cong đem lại trải nghiệm đeo thoải m&aacute;i v&agrave; giảm nhiễu &aacute;nh s&aacute;ng b&ecirc;n ngo&agrave;i; thuật to&aacute;n AI được n&acirc;ng cấp để lọc c&aacute;c t&iacute;n hiệu nhiễu hiệu quả hơn, cho ph&eacute;p theo d&otilde;i nhịp tim ch&iacute;nh x&aacute;c ngay cả khi bạn đang hăng say tập luyện v&agrave; cải thiện độ ch&iacute;nh x&aacute;c của dữ liệu về sức khỏe như nồng độ oxy trong m&aacute;u.</p>\r\n<p dir=\"ltr\">&nbsp;</p>\r\n<p dir=\"ltr\">Sản phẩm đồng hồ Huawei Watch GT3 Leather n&agrave;y thực sự l&agrave; một huấn luyện vi&ecirc;n chạy bộ c&aacute; nh&acirc;n tuyệt vời khi hỗ trợ 5 hệ thống định vị vệ tinh to&agrave;n cầu (GNSS) băng tần k&eacute;p, đ&aacute;nh gi&aacute; khả năng luyện tập của bạn dựa tr&ecirc;n dữ liệu chạy bộ trước đ&acirc;y, đ&aacute;nh gi&aacute; c&aacute;c chỉ số như tốc độ, nhịp tim v&agrave; qu&atilde;ng đường chạy bộ để đưa ra lộ tr&igrave;nh tập luyện ph&ugrave; hợp. Đặc biệt, chiếc đồng hồ n&agrave;y nh&agrave; Huawei c&ograve;n cung cấp t&iacute;nh năng &ldquo;Lộ tr&igrave;nh quay về&rdquo; để chỉ dẫn quay về lộ tr&igrave;nh đ&uacute;ng khi bạn bị mất phương hướng.</p>',1,1,14,10,'2023-07-13 10:57:59','2023-07-13 10:57:59',NULL),(22,'Samsung Galaxy Watch 3','samsung-galaxy-watch-3','image-removebg-preview-2 (3).png','/storage/product/1/HsOHO4CRTtJUGIG2JaL5.png','3990000','2900000','<p><strong>K&iacute;ch thước m&agrave;n h&igrave;nh:</strong>&nbsp;46mm</p>\r\n<p><strong>K&iacute;ch thước:</strong>&nbsp;45.9 mm x 45.9 mm x 11 mm</p>\r\n<p><strong>Trọng lượng:</strong>&nbsp;42.6 g</p>','<p dir=\"ltr\">Huawei Watch GT3 Leather l&agrave; thế hệ tiếp theo của chiếc Watch GT 2 được ph&aacute;t h&agrave;nh từ 2019. D&ograve;ng đồng hồ n&agrave;y chạy hệ điều h&agrave;nh Harmony OS - hệ điều h&agrave;nh ri&ecirc;ng của Huawei d&ugrave;ng cho hệ sinh th&aacute;i của m&igrave;nh, từ đồng hồ th&ocirc;ng minh, TV đến điện thoại di động. Được biết, Huawei Watch GT3 Leather đ&atilde; được cải thiện rất nhiều so với thế hệ tiền nhiệm v&agrave; hứa hẹn tiếp tục l&agrave; chiếc smartwatch ho&agrave;n hảo nhất Huawei từng sản xuất.</p>\r\n<p dir=\"ltr\"><img src=\"https://cdn.hoanghamobile.com/i/content/Uploads/2022/01/17/picture1_637780315570327669.png\" /></p>\r\n<h3 dir=\"ltr\">Thiết kế cổ điển với khả năng chống nước 5ATM ấn tượng</h3>\r\n<p dir=\"ltr\">&nbsp;</p>\r\n<p dir=\"ltr\">Chiếc đồng hồ sở Huawei Watch GT3 Leather hữu thiết kế đơn giản với độ b&oacute;ng cao, k&egrave;m theo d&acirc;y đồng hồ tinh tế, mang lại vẻ ngo&agrave;i hiện đại, lịch sự. Tuy kh&ocirc;ng c&oacute; nhiều kh&aacute;c biệt so với những chiếc đồng hồ th&ocirc;ng minh Huawei kh&aacute;c nhưng Huawei Watch GT3 Leather cũng sở hữu những cải tiến khi bổ sung th&ecirc;m n&uacute;t xoay v&agrave; n&uacute;t chức năng để thuận tiện cho việc thao t&aacute;c của người d&ugrave;ng. Bạn chỉ cần xoay n&uacute;m vặn để ph&oacute;ng to v&agrave; thu nhỏ c&aacute;c ứng dụng tr&ecirc;n mặt đồng hồ, nhanh ch&oacute;ng truy cập chức năng m&agrave; bạn muốn. Với tốc độ l&agrave;m mới cao, bạn c&oacute; thể dễ d&agrave;ng c&agrave;i đặt &acirc;m lượng v&agrave; thời gian b&aacute;o thức ngay cả khi tay bạn đang ướt, từ đ&oacute; mang đến cho bạn trải nghiệm mượt m&agrave;, liền mạch.</p>\r\n<p dir=\"ltr\">&nbsp;</p>\r\n<p dir=\"ltr\">Với trọng lượng 35g, người d&ugrave;ng sẽ cảm thấy v&ocirc; c&ugrave;ng thoải m&aacute;i khi đeo m&agrave; kh&ocirc;ng cảm thấy bị nặng tay. Huawei Watch GT3 Leather sở hữu mặt đồng hồ với tấm nền AMOLED độ ph&acirc;n giải 466 x 466 pixel, đem đến khả năng hiển thị sắc n&eacute;t, sống động. Mặt đồng hồ n&agrave;y cũng cho khả năng phản chiếu &aacute;nh s&aacute;ng tr&ecirc;n lớp k&iacute;nh đồng hồ ph&aacute;t ra &aacute;nh s&aacute;ng lấp l&aacute;nh tựa mặt nước cực đẹp.</p>\r\n<p dir=\"ltr\">&nbsp;</p>\r\n<p dir=\"ltr\">Chưa hết, Huawei Watch GT3 cũng cho c&oacute; khả năng chống nước ở &aacute;p suất l&ecirc;n đến 5ATM, hỗ trợ kết nối bluetooth v&agrave; NFC, c&oacute; loa v&agrave; micro để nghe gọi khi kết nối với điện thoại, c&oacute; thể sử dụng như remote chụp ảnh. Ngo&agrave;i ra d&ograve;ng đồng hồ n&agrave;y c&ograve;n hỗ trợ t&iacute;nh năng HUAWEI Assistant TODAY để truy cập nhanh th&ocirc;ng tin về thời tiết v&agrave; c&aacute;c th&ocirc;ng tin kh&aacute;c. Bạn cũng c&oacute; thể tận hưởng nhiều tiện &iacute;ch hơn với c&aacute;c t&iacute;nh năng phong ph&uacute; của đồng hồ như chế độ thể thao, t&igrave;m kiếm v&agrave; b&aacute;o thức.</p>\r\n<p dir=\"ltr\">&nbsp;</p>\r\n<p dir=\"ltr\">Đ&aacute;ng ch&uacute; &yacute; l&agrave; cảm biến TruSeen 5.0+ ở mặt lưng của đồng hồ được tăng gấp đ&ocirc;i số lượng diod quang so với những thế hệ trước để kết quả đo được ch&iacute;nh x&aacute;c hơn.</p>\r\n<p dir=\"ltr\">&nbsp;<img src=\"https://cdn.hoanghamobile.com/i/content/Uploads/2022/01/17/picture2_637780315570327669.png\" /></p>\r\n<h3 dir=\"ltr\">Thời lượng pin sử dụng l&ecirc;n đến 7 ng&agrave;y c&ugrave;ng khả năng sạc kh&ocirc;ng d&acirc;y tiện lợi v&agrave; nhanh ch&oacute;ng</h3>\r\n<p dir=\"ltr\">&nbsp;</p>\r\n<p dir=\"ltr\">Theo Huawei c&ocirc;ng bố chiếc đồng hồ Huawei Watch GT3 Leather 42mm c&oacute; thể d&ugrave;ng l&ecirc;n đến 7 ng&agrave;y với nhu cầu sử dụng b&igrave;nh thường v&agrave; 8 ng&agrave;y khi sử dụng thường xuy&ecirc;n hơn. Cụ thể:</p>\r\n<p dir=\"ltr\">&nbsp;</p>\r\n<p dir=\"ltr\">Pin c&oacute; thể k&eacute;o d&agrave;i 7 ng&agrave;y trong c&aacute;c trường hợp sau: 30 ph&uacute;t gọi qua Bluetooth mỗi tuần, 30 ph&uacute;t chơi nhạc mỗi tuần, bật t&iacute;nh năng theo d&otilde;i nhịp tim, bật HUAWEI TruSleep để ngủ, 90 ph&uacute;t tập luyện mỗi tuần (bật GPS ), th&ocirc;ng b&aacute;o tin nhắn được bật (50 tin nhắn SMS, 6 cuộc gọi v&agrave; 3 b&aacute;o thức mỗi ng&agrave;y), m&agrave;n h&igrave;nh được bật 200 lần một ng&agrave;y.</p>\r\n<p>&nbsp;</p>\r\n<p dir=\"ltr\">Pin c&oacute; thể k&eacute;o d&agrave;i 4 ng&agrave;y trong c&aacute;c t&igrave;nh huống sau: 30 ph&uacute;t gọi qua Bluetooth mỗi tuần, 30 ph&uacute;t chơi nhạc mỗi tuần, bật theo d&otilde;i nhịp tim, bật HUAWEI TruSleep để ngủ, bật theo d&otilde;i căng thẳng, 180 ph&uacute;t tập luyện mỗi tuần (bật GPS), bật th&ocirc;ng b&aacute;o tin nhắn (50 tin nhắn SMS, 6 cuộc gọi v&agrave; 3 b&aacute;o thức mỗi ng&agrave;y), m&agrave;n h&igrave;nh được bật 30 ph&uacute;t mỗi ng&agrave;y.&nbsp;</p>\r\n<p>&nbsp;</p>\r\n<p dir=\"ltr\">Đặc biệt, d&ograve;ng đồng hồ n&agrave;y c&ograve;n hỗ trợ sạc kh&ocirc;ng d&acirc;y hỗ trợ bạn c&oacute; thể sử dụng điện thoại v&agrave; sạc ngược cho đồng hồ khi bạn qu&ecirc;n sạc, tạm biệt nỗi lo về thời lượng sử dụng pin.</p>\r\n<p dir=\"ltr\">&nbsp;<img src=\"https://cdn.hoanghamobile.com/i/content/Uploads/2022/01/17/picture3_637780315570483915.png\" /></p>\r\n<h3 dir=\"ltr\">T&iacute;nh năng theo d&otilde;i nhịp tim đ&aacute;ng tin cậy, hỗ trợ 100 chế độ tập luyện kh&aacute;c nhau</h3>\r\n<p dir=\"ltr\">&nbsp;</p>\r\n<p dir=\"ltr\">Huawei Watch GT3 Leather sở hữu t&iacute;nh năng theo d&otilde;i nhịp tim mới n&acirc;ng cấp gồm c&oacute; t&aacute;m diode quang được bố cục theo h&igrave;nh tr&ograve;n v&agrave; hai bộ ph&aacute;t nguồn s&aacute;ng, kết hợp với thấu k&iacute;nh thủy tinh cong đem lại trải nghiệm đeo thoải m&aacute;i v&agrave; giảm nhiễu &aacute;nh s&aacute;ng b&ecirc;n ngo&agrave;i; thuật to&aacute;n AI được n&acirc;ng cấp để lọc c&aacute;c t&iacute;n hiệu nhiễu hiệu quả hơn, cho ph&eacute;p theo d&otilde;i nhịp tim ch&iacute;nh x&aacute;c ngay cả khi bạn đang hăng say tập luyện v&agrave; cải thiện độ ch&iacute;nh x&aacute;c của dữ liệu về sức khỏe như nồng độ oxy trong m&aacute;u.</p>\r\n<p dir=\"ltr\">&nbsp;</p>\r\n<p dir=\"ltr\">Sản phẩm đồng hồ Huawei Watch GT3 Leather n&agrave;y thực sự l&agrave; một huấn luyện vi&ecirc;n chạy bộ c&aacute; nh&acirc;n tuyệt vời khi hỗ trợ 5 hệ thống định vị vệ tinh to&agrave;n cầu (GNSS) băng tần k&eacute;p, đ&aacute;nh gi&aacute; khả năng luyện tập của bạn dựa tr&ecirc;n dữ liệu chạy bộ trước đ&acirc;y, đ&aacute;nh gi&aacute; c&aacute;c chỉ số như tốc độ, nhịp tim v&agrave; qu&atilde;ng đường chạy bộ để đưa ra lộ tr&igrave;nh tập luyện ph&ugrave; hợp. Đặc biệt, chiếc đồng hồ n&agrave;y nh&agrave; Huawei c&ograve;n cung cấp t&iacute;nh năng &ldquo;Lộ tr&igrave;nh quay về&rdquo; để chỉ dẫn quay về lộ tr&igrave;nh đ&uacute;ng khi bạn bị mất phương hướng.</p>',1,1,15,10,'2023-07-13 11:05:00','2023-07-13 11:05:00',NULL),(23,'Samsung Galaxy Watch 4','samsung-galaxy-watch-4','gtr-2-classic.png','/storage/product/1/D1svvaQPCI0GHHPkvPWx.png','3990000','2900000','<p><strong>K&iacute;ch thước m&agrave;n h&igrave;nh:</strong>&nbsp;46mm</p>\r\n<p><strong>K&iacute;ch thước:</strong>&nbsp;45.9 mm x 45.9 mm x 11 mm</p>\r\n<p><strong>Trọng lượng:</strong>&nbsp;42.6 g</p>','<p dir=\"ltr\">Huawei Watch GT3 Leather l&agrave; thế hệ tiếp theo của chiếc Watch GT 2 được ph&aacute;t h&agrave;nh từ 2019. D&ograve;ng đồng hồ n&agrave;y chạy hệ điều h&agrave;nh Harmony OS - hệ điều h&agrave;nh ri&ecirc;ng của Huawei d&ugrave;ng cho hệ sinh th&aacute;i của m&igrave;nh, từ đồng hồ th&ocirc;ng minh, TV đến điện thoại di động. Được biết, Huawei Watch GT3 Leather đ&atilde; được cải thiện rất nhiều so với thế hệ tiền nhiệm v&agrave; hứa hẹn tiếp tục l&agrave; chiếc smartwatch ho&agrave;n hảo nhất Huawei từng sản xuất.</p>\r\n<p dir=\"ltr\"><img src=\"https://cdn.hoanghamobile.com/i/content/Uploads/2022/01/17/picture1_637780315570327669.png\" /></p>\r\n<h3 dir=\"ltr\">Thiết kế cổ điển với khả năng chống nước 5ATM ấn tượng</h3>\r\n<p dir=\"ltr\">&nbsp;</p>\r\n<p dir=\"ltr\">Chiếc đồng hồ sở Huawei Watch GT3 Leather hữu thiết kế đơn giản với độ b&oacute;ng cao, k&egrave;m theo d&acirc;y đồng hồ tinh tế, mang lại vẻ ngo&agrave;i hiện đại, lịch sự. Tuy kh&ocirc;ng c&oacute; nhiều kh&aacute;c biệt so với những chiếc đồng hồ th&ocirc;ng minh Huawei kh&aacute;c nhưng Huawei Watch GT3 Leather cũng sở hữu những cải tiến khi bổ sung th&ecirc;m n&uacute;t xoay v&agrave; n&uacute;t chức năng để thuận tiện cho việc thao t&aacute;c của người d&ugrave;ng. Bạn chỉ cần xoay n&uacute;m vặn để ph&oacute;ng to v&agrave; thu nhỏ c&aacute;c ứng dụng tr&ecirc;n mặt đồng hồ, nhanh ch&oacute;ng truy cập chức năng m&agrave; bạn muốn. Với tốc độ l&agrave;m mới cao, bạn c&oacute; thể dễ d&agrave;ng c&agrave;i đặt &acirc;m lượng v&agrave; thời gian b&aacute;o thức ngay cả khi tay bạn đang ướt, từ đ&oacute; mang đến cho bạn trải nghiệm mượt m&agrave;, liền mạch.</p>\r\n<p dir=\"ltr\">&nbsp;</p>\r\n<p dir=\"ltr\">Với trọng lượng 35g, người d&ugrave;ng sẽ cảm thấy v&ocirc; c&ugrave;ng thoải m&aacute;i khi đeo m&agrave; kh&ocirc;ng cảm thấy bị nặng tay. Huawei Watch GT3 Leather sở hữu mặt đồng hồ với tấm nền AMOLED độ ph&acirc;n giải 466 x 466 pixel, đem đến khả năng hiển thị sắc n&eacute;t, sống động. Mặt đồng hồ n&agrave;y cũng cho khả năng phản chiếu &aacute;nh s&aacute;ng tr&ecirc;n lớp k&iacute;nh đồng hồ ph&aacute;t ra &aacute;nh s&aacute;ng lấp l&aacute;nh tựa mặt nước cực đẹp.</p>\r\n<p dir=\"ltr\">&nbsp;</p>\r\n<p dir=\"ltr\">Chưa hết, Huawei Watch GT3 cũng cho c&oacute; khả năng chống nước ở &aacute;p suất l&ecirc;n đến 5ATM, hỗ trợ kết nối bluetooth v&agrave; NFC, c&oacute; loa v&agrave; micro để nghe gọi khi kết nối với điện thoại, c&oacute; thể sử dụng như remote chụp ảnh. Ngo&agrave;i ra d&ograve;ng đồng hồ n&agrave;y c&ograve;n hỗ trợ t&iacute;nh năng HUAWEI Assistant TODAY để truy cập nhanh th&ocirc;ng tin về thời tiết v&agrave; c&aacute;c th&ocirc;ng tin kh&aacute;c. Bạn cũng c&oacute; thể tận hưởng nhiều tiện &iacute;ch hơn với c&aacute;c t&iacute;nh năng phong ph&uacute; của đồng hồ như chế độ thể thao, t&igrave;m kiếm v&agrave; b&aacute;o thức.</p>\r\n<p dir=\"ltr\">&nbsp;</p>\r\n<p dir=\"ltr\">Đ&aacute;ng ch&uacute; &yacute; l&agrave; cảm biến TruSeen 5.0+ ở mặt lưng của đồng hồ được tăng gấp đ&ocirc;i số lượng diod quang so với những thế hệ trước để kết quả đo được ch&iacute;nh x&aacute;c hơn.</p>\r\n<p dir=\"ltr\">&nbsp;<img src=\"https://cdn.hoanghamobile.com/i/content/Uploads/2022/01/17/picture2_637780315570327669.png\" /></p>\r\n<h3 dir=\"ltr\">Thời lượng pin sử dụng l&ecirc;n đến 7 ng&agrave;y c&ugrave;ng khả năng sạc kh&ocirc;ng d&acirc;y tiện lợi v&agrave; nhanh ch&oacute;ng</h3>\r\n<p dir=\"ltr\">&nbsp;</p>\r\n<p dir=\"ltr\">Theo Huawei c&ocirc;ng bố chiếc đồng hồ Huawei Watch GT3 Leather 42mm c&oacute; thể d&ugrave;ng l&ecirc;n đến 7 ng&agrave;y với nhu cầu sử dụng b&igrave;nh thường v&agrave; 8 ng&agrave;y khi sử dụng thường xuy&ecirc;n hơn. Cụ thể:</p>\r\n<p dir=\"ltr\">&nbsp;</p>\r\n<p dir=\"ltr\">Pin c&oacute; thể k&eacute;o d&agrave;i 7 ng&agrave;y trong c&aacute;c trường hợp sau: 30 ph&uacute;t gọi qua Bluetooth mỗi tuần, 30 ph&uacute;t chơi nhạc mỗi tuần, bật t&iacute;nh năng theo d&otilde;i nhịp tim, bật HUAWEI TruSleep để ngủ, 90 ph&uacute;t tập luyện mỗi tuần (bật GPS ), th&ocirc;ng b&aacute;o tin nhắn được bật (50 tin nhắn SMS, 6 cuộc gọi v&agrave; 3 b&aacute;o thức mỗi ng&agrave;y), m&agrave;n h&igrave;nh được bật 200 lần một ng&agrave;y.</p>\r\n<p>&nbsp;</p>\r\n<p dir=\"ltr\">Pin c&oacute; thể k&eacute;o d&agrave;i 4 ng&agrave;y trong c&aacute;c t&igrave;nh huống sau: 30 ph&uacute;t gọi qua Bluetooth mỗi tuần, 30 ph&uacute;t chơi nhạc mỗi tuần, bật theo d&otilde;i nhịp tim, bật HUAWEI TruSleep để ngủ, bật theo d&otilde;i căng thẳng, 180 ph&uacute;t tập luyện mỗi tuần (bật GPS), bật th&ocirc;ng b&aacute;o tin nhắn (50 tin nhắn SMS, 6 cuộc gọi v&agrave; 3 b&aacute;o thức mỗi ng&agrave;y), m&agrave;n h&igrave;nh được bật 30 ph&uacute;t mỗi ng&agrave;y.&nbsp;</p>\r\n<p>&nbsp;</p>\r\n<p dir=\"ltr\">Đặc biệt, d&ograve;ng đồng hồ n&agrave;y c&ograve;n hỗ trợ sạc kh&ocirc;ng d&acirc;y hỗ trợ bạn c&oacute; thể sử dụng điện thoại v&agrave; sạc ngược cho đồng hồ khi bạn qu&ecirc;n sạc, tạm biệt nỗi lo về thời lượng sử dụng pin.</p>\r\n<p dir=\"ltr\">&nbsp;<img src=\"https://cdn.hoanghamobile.com/i/content/Uploads/2022/01/17/picture3_637780315570483915.png\" /></p>\r\n<h3 dir=\"ltr\">T&iacute;nh năng theo d&otilde;i nhịp tim đ&aacute;ng tin cậy, hỗ trợ 100 chế độ tập luyện kh&aacute;c nhau</h3>\r\n<p dir=\"ltr\">&nbsp;</p>\r\n<p dir=\"ltr\">Huawei Watch GT3 Leather sở hữu t&iacute;nh năng theo d&otilde;i nhịp tim mới n&acirc;ng cấp gồm c&oacute; t&aacute;m diode quang được bố cục theo h&igrave;nh tr&ograve;n v&agrave; hai bộ ph&aacute;t nguồn s&aacute;ng, kết hợp với thấu k&iacute;nh thủy tinh cong đem lại trải nghiệm đeo thoải m&aacute;i v&agrave; giảm nhiễu &aacute;nh s&aacute;ng b&ecirc;n ngo&agrave;i; thuật to&aacute;n AI được n&acirc;ng cấp để lọc c&aacute;c t&iacute;n hiệu nhiễu hiệu quả hơn, cho ph&eacute;p theo d&otilde;i nhịp tim ch&iacute;nh x&aacute;c ngay cả khi bạn đang hăng say tập luyện v&agrave; cải thiện độ ch&iacute;nh x&aacute;c của dữ liệu về sức khỏe như nồng độ oxy trong m&aacute;u.</p>\r\n<p dir=\"ltr\">&nbsp;</p>\r\n<p dir=\"ltr\">Sản phẩm đồng hồ Huawei Watch GT3 Leather n&agrave;y thực sự l&agrave; một huấn luyện vi&ecirc;n chạy bộ c&aacute; nh&acirc;n tuyệt vời khi hỗ trợ 5 hệ thống định vị vệ tinh to&agrave;n cầu (GNSS) băng tần k&eacute;p, đ&aacute;nh gi&aacute; khả năng luyện tập của bạn dựa tr&ecirc;n dữ liệu chạy bộ trước đ&acirc;y, đ&aacute;nh gi&aacute; c&aacute;c chỉ số như tốc độ, nhịp tim v&agrave; qu&atilde;ng đường chạy bộ để đưa ra lộ tr&igrave;nh tập luyện ph&ugrave; hợp. Đặc biệt, chiếc đồng hồ n&agrave;y nh&agrave; Huawei c&ograve;n cung cấp t&iacute;nh năng &ldquo;Lộ tr&igrave;nh quay về&rdquo; để chỉ dẫn quay về lộ tr&igrave;nh đ&uacute;ng khi bạn bị mất phương hướng.</p>',1,1,15,10,'2023-07-13 11:05:31','2023-07-13 11:06:28','2023-07-13 11:06:28');
/*!40000 ALTER TABLE `products` ENABLE KEYS */;
UNLOCK TABLES;

--
-- Table structure for table `role_permission`
--

DROP TABLE IF EXISTS `role_permission`;
/*!40101 SET @saved_cs_client     = @@character_set_client */;
/*!50503 SET character_set_client = utf8mb4 */;
CREATE TABLE `role_permission` (
  `id` bigint unsigned NOT NULL AUTO_INCREMENT,
  `role_id` bigint unsigned NOT NULL,
  `permission_id` bigint unsigned NOT NULL,
  `created_at` timestamp NULL DEFAULT NULL,
  `updated_at` timestamp NULL DEFAULT NULL,
  PRIMARY KEY (`id`),
  KEY `role_permission_role_id_foreign` (`role_id`),
  KEY `role_permission_permission_id_foreign` (`permission_id`),
  CONSTRAINT `role_permission_permission_id_foreign` FOREIGN KEY (`permission_id`) REFERENCES `permissions` (`id`) ON DELETE CASCADE,
  CONSTRAINT `role_permission_role_id_foreign` FOREIGN KEY (`role_id`) REFERENCES `roles` (`id`) ON DELETE CASCADE
) ENGINE=InnoDB AUTO_INCREMENT=49 DEFAULT CHARSET=utf8mb4 COLLATE=utf8mb4_unicode_ci;
/*!40101 SET character_set_client = @saved_cs_client */;

--
-- Dumping data for table `role_permission`
--

LOCK TABLES `role_permission` WRITE;
/*!40000 ALTER TABLE `role_permission` DISABLE KEYS */;
INSERT INTO `role_permission` VALUES (1,1,1,NULL,NULL),(4,6,1,NULL,NULL),(6,6,3,NULL,NULL),(7,6,4,NULL,NULL),(8,1,5,NULL,NULL),(10,1,7,NULL,NULL),(11,1,2,NULL,NULL),(12,1,3,NULL,NULL),(13,1,4,NULL,NULL),(14,1,6,NULL,NULL),(15,1,8,NULL,NULL),(16,1,9,NULL,NULL),(17,1,10,NULL,NULL),(18,1,11,NULL,NULL),(19,1,12,NULL,NULL),(20,1,13,NULL,NULL),(21,1,14,NULL,NULL),(22,1,15,NULL,NULL),(23,1,16,NULL,NULL),(24,1,17,NULL,NULL),(25,1,18,NULL,NULL),(26,1,19,NULL,NULL),(27,1,20,NULL,NULL),(28,1,21,NULL,NULL),(29,1,22,NULL,NULL),(30,1,23,NULL,NULL),(31,1,24,NULL,NULL),(32,1,25,NULL,NULL),(33,1,26,NULL,NULL),(34,1,27,NULL,NULL),(35,1,28,NULL,NULL),(36,1,29,NULL,NULL),(37,1,30,NULL,NULL),(38,15,5,NULL,NULL),(39,15,9,NULL,NULL),(40,15,13,NULL,NULL),(41,15,17,NULL,NULL),(42,15,21,NULL,NULL),(43,15,25,NULL,NULL),(44,15,29,NULL,NULL),(45,1,31,NULL,NULL),(46,1,32,NULL,NULL),(47,1,33,NULL,NULL),(48,1,34,NULL,NULL);
/*!40000 ALTER TABLE `role_permission` ENABLE KEYS */;
UNLOCK TABLES;

--
-- Table structure for table `roles`
--

DROP TABLE IF EXISTS `roles`;
/*!40101 SET @saved_cs_client     = @@character_set_client */;
/*!50503 SET character_set_client = utf8mb4 */;
CREATE TABLE `roles` (
  `id` bigint unsigned NOT NULL AUTO_INCREMENT,
  `name` varchar(255) COLLATE utf8mb4_unicode_ci NOT NULL,
  `display_name` varchar(255) COLLATE utf8mb4_unicode_ci NOT NULL,
  `created_at` timestamp NULL DEFAULT NULL,
  `updated_at` timestamp NULL DEFAULT NULL,
  PRIMARY KEY (`id`)
) ENGINE=InnoDB AUTO_INCREMENT=16 DEFAULT CHARSET=utf8mb4 COLLATE=utf8mb4_unicode_ci;
/*!40101 SET character_set_client = @saved_cs_client */;

--
-- Dumping data for table `roles`
--

LOCK TABLES `roles` WRITE;
/*!40000 ALTER TABLE `roles` DISABLE KEYS */;
INSERT INTO `roles` VALUES (1,'admin','Quản trị viên',NULL,NULL),(6,'content','Quản trị nội dung','2023-07-07 16:23:14','2023-07-07 18:55:22'),(15,'guest','Khách hàng','2023-07-13 10:22:59','2023-07-13 10:22:59');
/*!40000 ALTER TABLE `roles` ENABLE KEYS */;
UNLOCK TABLES;

--
-- Table structure for table `slider`
--

DROP TABLE IF EXISTS `slider`;
/*!40101 SET @saved_cs_client     = @@character_set_client */;
/*!50503 SET character_set_client = utf8mb4 */;
CREATE TABLE `slider` (
  `id` bigint unsigned NOT NULL AUTO_INCREMENT,
  `image_path` varchar(255) COLLATE utf8mb4_unicode_ci NOT NULL,
  `image_name` varchar(255) COLLATE utf8mb4_unicode_ci NOT NULL,
  `user_id` bigint unsigned NOT NULL,
  `created_at` timestamp NULL DEFAULT NULL,
  `updated_at` timestamp NULL DEFAULT NULL,
  `deleted_at` timestamp NULL DEFAULT NULL,
  PRIMARY KEY (`id`),
  KEY `slider_user_id_foreign` (`user_id`),
  CONSTRAINT `slider_user_id_foreign` FOREIGN KEY (`user_id`) REFERENCES `users` (`id`) ON DELETE CASCADE
) ENGINE=InnoDB AUTO_INCREMENT=8 DEFAULT CHARSET=utf8mb4 COLLATE=utf8mb4_unicode_ci;
/*!40101 SET character_set_client = @saved_cs_client */;

--
-- Dumping data for table `slider`
--

LOCK TABLES `slider` WRITE;
/*!40000 ALTER TABLE `slider` DISABLE KEYS */;
INSERT INTO `slider` VALUES (5,'/storage/product/1/aIVv5LKLQ8FXMe0N3zMz.webp','C53-720-220-720x220-10.webp',1,'2023-07-11 11:48:03','2023-07-11 11:48:03',NULL),(6,'/storage/product/1/bPDhOGpLZUfi3WHJwneP.webp','Casio-baby-720-220-720x220.webp',1,'2023-07-11 11:48:10','2023-07-11 11:48:10',NULL),(7,'/storage/product/1/t77zrz4FZEB3xTedWpFL.webp','xiaomi-12-720-220-720x220.webp',1,'2023-07-11 11:48:21','2023-07-11 11:48:21',NULL);
/*!40000 ALTER TABLE `slider` ENABLE KEYS */;
UNLOCK TABLES;

--
-- Table structure for table `user_role`
--

DROP TABLE IF EXISTS `user_role`;
/*!40101 SET @saved_cs_client     = @@character_set_client */;
/*!50503 SET character_set_client = utf8mb4 */;
CREATE TABLE `user_role` (
  `id` bigint unsigned NOT NULL AUTO_INCREMENT,
  `user_id` bigint unsigned NOT NULL,
  `role_id` bigint unsigned NOT NULL,
  `created_at` timestamp NULL DEFAULT NULL,
  `updated_at` timestamp NULL DEFAULT NULL,
  PRIMARY KEY (`id`),
  KEY `user_role_user_id_foreign` (`user_id`),
  KEY `user_role_role_id_foreign` (`role_id`),
  CONSTRAINT `user_role_role_id_foreign` FOREIGN KEY (`role_id`) REFERENCES `roles` (`id`) ON DELETE CASCADE,
  CONSTRAINT `user_role_user_id_foreign` FOREIGN KEY (`user_id`) REFERENCES `users` (`id`) ON DELETE CASCADE
) ENGINE=InnoDB AUTO_INCREMENT=5 DEFAULT CHARSET=utf8mb4 COLLATE=utf8mb4_unicode_ci;
/*!40101 SET character_set_client = @saved_cs_client */;

--
-- Dumping data for table `user_role`
--

LOCK TABLES `user_role` WRITE;
/*!40000 ALTER TABLE `user_role` DISABLE KEYS */;
INSERT INTO `user_role` VALUES (1,1,1,NULL,NULL),(2,1,6,NULL,NULL),(3,3,15,NULL,NULL),(4,4,15,NULL,NULL);
/*!40000 ALTER TABLE `user_role` ENABLE KEYS */;
UNLOCK TABLES;

--
-- Table structure for table `users`
--

DROP TABLE IF EXISTS `users`;
/*!40101 SET @saved_cs_client     = @@character_set_client */;
/*!50503 SET character_set_client = utf8mb4 */;
CREATE TABLE `users` (
  `id` bigint unsigned NOT NULL AUTO_INCREMENT,
  `name` varchar(255) COLLATE utf8mb4_unicode_ci NOT NULL,
  `email` varchar(255) COLLATE utf8mb4_unicode_ci NOT NULL,
  `email_verified_at` timestamp NULL DEFAULT NULL,
  `password` varchar(255) COLLATE utf8mb4_unicode_ci NOT NULL,
  `deleted_at` timestamp NULL DEFAULT NULL,
  `remember_token` varchar(100) COLLATE utf8mb4_unicode_ci DEFAULT NULL,
  `created_at` timestamp NULL DEFAULT NULL,
  `updated_at` timestamp NULL DEFAULT NULL,
  PRIMARY KEY (`id`),
  UNIQUE KEY `users_email_unique` (`email`)
) ENGINE=InnoDB AUTO_INCREMENT=5 DEFAULT CHARSET=utf8mb4 COLLATE=utf8mb4_unicode_ci;
/*!40101 SET character_set_client = @saved_cs_client */;

--
-- Dumping data for table `users`
--

LOCK TABLES `users` WRITE;
/*!40000 ALTER TABLE `users` DISABLE KEYS */;
INSERT INTO `users` VALUES (1,'Công Đặng','congthanhdang199x@gmail.com','2023-07-07 16:03:51','$2y$10$KAqzvNQUifJB8s9rH5gVU.gt.h/IZtvy0o3pzmOA5snKYr0M8i3/6',NULL,NULL,'2023-07-07 16:03:10','2023-07-07 16:03:51'),(2,'cong dang user','congthanhdang1999@gmail.com','2023-07-11 17:49:16','$2y$10$/KMqETQKDOrMc7.Qls83ieZiGAhdVTITIQ03SFwZTEbx3VJfFbjs6',NULL,NULL,'2023-07-11 17:23:36','2023-07-11 17:49:16'),(3,'Guest','Guest@gmail.com','2023-07-11 17:49:16','$2y$10$x5AeC3cyxmb0ez09fp8EA.hyevbDLRsDHoIpRMf5QOWl9oWdj3b5e','2023-07-13 10:27:51',NULL,'2023-07-13 10:24:33','2023-07-13 10:27:51'),(4,'Khách hàng','khachhang@gmail.com','2023-07-11 17:49:16','$2y$10$RY7DIUaXJyE7qu8sReodCuVJpNDH7F313ByHiptGJNYRNQoP34Jly',NULL,NULL,'2023-07-13 10:28:35','2023-07-13 10:28:35');
/*!40000 ALTER TABLE `users` ENABLE KEYS */;
UNLOCK TABLES;
/*!40103 SET TIME_ZONE=@OLD_TIME_ZONE */;

/*!40101 SET SQL_MODE=@OLD_SQL_MODE */;
/*!40014 SET FOREIGN_KEY_CHECKS=@OLD_FOREIGN_KEY_CHECKS */;
/*!40014 SET UNIQUE_CHECKS=@OLD_UNIQUE_CHECKS */;
/*!40101 SET CHARACTER_SET_CLIENT=@OLD_CHARACTER_SET_CLIENT */;
/*!40101 SET CHARACTER_SET_RESULTS=@OLD_CHARACTER_SET_RESULTS */;
/*!40101 SET COLLATION_CONNECTION=@OLD_COLLATION_CONNECTION */;
/*!40111 SET SQL_NOTES=@OLD_SQL_NOTES */;

-- Dump completed on 2023-07-19 16:41:07
